Authors,N. of Documents
Wang X.,13
Zhang X.,12
Zhang Y.,11
Wang J.,9
Liu X.,8
Chen Y.,8
Wang W.,7
Xu J.,7
Liu Y.,7
Li Y.,7
Chen L.,7
Li J.,6
Li X.,6
Wang Y.,6
Li Z.,6
Xiao Y.,5
Wu Y.,5
Zhang H.,5
Chen X.,5
Zhou J.,5
Li L.,5
Guo Y.,5
Li H.,5
Yu H.,4
Shi J.,4
Zhang J.,4
Wang S.,4
Yang Y.,4
Yang L.,4
Li F.,4
Li Q.,4
Zhang S.,4
Fenta E.T.,4
Liu J.,4
Zhou Y.,4
Wang Q.,4
Wang H.,4
Bates D.W.,4
Xu X.,4
Zhang L.,4
Pan J.,4
Shi Y.,3
Zhang N.,3
Gao Q.,3
Zhang B.,3
Ma X.,3
Wang L.,3
Wang C.,3
Sun X.,3
Fu Y.,3
Mao Y.,3
Xu Y.,3
Liu T.,3
Tiruneh M.G.,3
Endeshaw D.,3
Adal O.,3
Tareke A.A.,3
Delie A.M.,3
Bogale E.K.,3
Anagaw T.F.,3
Huang J.,3
Liu W.,3
Chen C.,3
Wiig S.,3
Liu Q.,3
Zeng X.,3
Zhang W.,3
Endalamaw A.,3
Wolka E.,3
Zewdie A.,3
Assefa Y.,3
Tian Y.,3
Zhang Z.,3
Li D.,3
Wang M.,3
Luo Y.,3
Gu J.,3
Kim Y.,3
Lee J.,3
Ciraldo K.,3
Bartholomew T.S.,3
Tookes H.E.,3
Zhao L.,2
Yu Y.,2
Hu H.,2
Sehgal A.,2
Barnabe C.,2
Montesanti S.,2
Walter J.,2
Ahmed S.,2
Westerheim I.,2
Zhou Q.,2
Zhou X.,2
Kim J.,2
Choi J.,2
Lee Y.,2
Kebede N.,2
Zhao K.,2
Song Y.,2
Kainja J.,2
Ndasauka Y.,2
Li S.-J.,2
Huang M.,2
Xu M.,2
Jiang S.,2
Hu Y.,2
Moss P.,2
Godin O.,2
Leboyer M.,2
Zhao X.,2
Odell-Miller H.,2
Yin J.,2
Wang Z.,2
Huang L.,2
Ayatollahi H.,2
Ebrazeh A.,2
Ma L.,2
Wang D.,2
Mao Z.,2
Bolado G.N.,2
Ataro B.A.,2
Gadabo C.K.,2
He C.,2
Zheng Z.,2
Faramarzi M.,2
Farhat H.,2
Song S.,2
Mai G.,2
Teng X.,2
Shu Z.,2
Jing L.,2
Zhu L.,2
Zheng X.,2
Beutels P.,2
Kennedy M.,2
Cheng X.,2
Wu X.,2
Liu L.,2
Wang R.,2
Chen J.,2
Xiao W.,2
Ramasamy S.,2
Denholm R.,2
He X.,2
Agvall B.,2
Pfaff H.,2
Lindemann C.H.,2
Scholten N.,2
Qin P.,2
Zhao J.,2
Kumar S.,2
Qi X.,2
Li P.,2
Chung H.,2
Fang C.,2
Sheard L.,2
Carpentieri J.D.,2
Malaeb D.,2
Fekih-Romdhane F.,2
Hallit S.,2
Qi J.,2
Xu F.,2
Cheng P.,2
Jiang Z.,2
Durand-Zaleski I.,2
Zwick R.H.,2
Tavan A.,2
Hu F.,2
Zyoud S.H.,2
Ryg J.,2
Masud T.,2
Fernandez J.,2
Martinez G.,2
Ayele G.,2
Dinagde D.D.,2
Wada H.W.,2
Gebremedhin A.,2
Lamberti-Castronuovo A.,2
Valente M.,2
Bocchini F.,2
Trentin M.,2
Paschetto M.,2
Bahdori G.A.,2
Khadem J.A.,2
Nadeem M.S.,2
Patmal M.H.,2
Alizai M.T.,2
Miccio R.,2
Ragazzoni L.,2
Zhang D.,2
Du X.,2
Thompson N.,2
Clement F.,2
Singh K.,2
Tamim H.,2
Dong Y.,2
Zhou H.,2
Lin K.,2
Lee E.S.,2
Khalagi K.,2
Fahimfar N.,2
Sanjari M.,2
Mansourzadeh M.J.,2
Ostovar A.,2
Tartari E.,2
Pittet D.,2
Luo H.,2
Abbasalizadeh F.,2
Mohammad-Alizadeh-Charandabi S.,2
Zurynski Y.,2
Ellis L.A.,2
Patel A.,2
Singh S.,2
Gough K.,2
Krishnasamy M.,2
Møller A.,2
Johansson B.,2
Ahmad A.,2
Han X.,2
Lee X.Y.,2
Awad S.F.,2
Goadsby P.J.,2
Semenova Y.,2
Khatri R.B.,2
Erku D.,2
Röttger R.,2
Cui X.,2
Xue Q.,2
Cole E.,2
Tran M.,2
Patel M.,2
Wei D.,2
Guo X.,2
Song W.,2
Wu S.,2
Pan Y.,2
Okyere J.,2
Ayebeng C.,2
Dickson K.S.,2
Rice H.E.,2
Frank H.E.,2
Liu C.,2
Ahmad S.F.,2
Irshad M.,2
Rizzo C.,2
Chahboune M.,2
Semmens E.O.,2
Noonan C.,2
Dobson R.,2
Nichols M.,2
Chen M.,2
Simegn W.,2
Seid A.M.,2
Limenh L.W.,2
Ayenew W.,2
Melese M.,2
Sun Y.,2
Lu Y.,2
Lin X.,2
Huang W.,2
Holroyd-Leduc J.,2
Lin C.,2
Bai C.,2
Geta T.,2
Amigo F.,2
Vilagut G.,2
Mortier P.,2
Alonso J.,2
Kohanmoo A.,2
Zare M.,2
Akhlaghi M.,2
Han Z.,2
Jouanny C.,2
Johnson J.,2
Zhou M.,2
Sousa P.,2
Mazzilli S.,2
Petri D.,2
Tavoschi L.,2
Lee K.-S.,2
Gao M.,2
Bucci S.,2
Amerzadeh M.,2
Pomey M.-P.,2
Lee H.,2
Simon J.,2
Newell D.,2
Watson C.,2
Barocas J.A.,2
Vo L.N.Q.,2
Codlin A.J.,2
Nguyen H.B.,2
Lönnroth K.,2
Pozo-Rosich P.,2
Armada B.,2
Moya-Alarcón C.,2
Lynch R.,2
Cheng Z.,2
Shi H.,2
Mason S.,2
Fu L.,2
Serota D.P.,2
Fu H.,2
Wiedermann C.J.,2
Mahlknecht A.,2
Barbieri V.,2
Piccoliori G.,2
Engl A.,2
Wu H.,2
Addis A.,2
Smaling H.J.A.,2
Achterberg W.P.,2
Teymouri M.,2
Li R.,2
Woldegeorgis B.Z.,1
Asgedom Y.S.,1
Gebrekidan A.Y.,1
Kassie G.A.,1
Borko U.D.,1
Obsa M.S.,1
Van Eekert N.,1
Biegel N.,1
De Kort L.,1
Verhoeven V.,1
Gehrmann T.,1
Masquillier C.,1
Ahannach S.,1
Lebeer S.,1
Tavakoli F.,1
Dehghan M.,1
Haghdoost A.A.,1
Mirzazadeh A.,1
Gouya M.M.,1
Sharifi H.,1
Ugwu L.E.,1
Idemudia E.S.,1
Onyedibe M.-C.C.,1
Scutari M.,1
Kerob D.,1
Salah S.,1
Trabitzsch J.,1
Marquardt M.,1
Negash S.,1
Belay W.,1
Abebe Y.,1
Seife E.,1
Abdella K.,1
Gizaw M.,1
Getachew S.,1
Addissie A.,1
Kantelhardt E.J.,1
Wondimagegnehu A.,1
Yang S.-H.,1
Tsan Y.-T.,1
Hsu W.-T.,1
Liu C.-F.,1
Ho W.-C.,1
Wu L.-F.,1
Lin C.-F.,1
Chu W.-M.,1
Lynch L.,1
Eiriksson L.,1
Kim T.V.,1
Pham T.N.D.,1
Do B.,1
Dao D.V.B.,1
Nguyen D.X.,1
Lee W.,1
Gish R.,1
Mize G.,1
Trang A.,1
Le A.,1
Phan L.T.B.,1
Ngo T.-T.-D.,1
Phan H.T.,1
Nguyen B.T.,1
Tang H.K.,1
Dao D.Y.,1
Duan S.,1
Wang P.,1
Fu R.,1
Lv Z.,1
Miao P.,1
Zhuang N.,1
Yuan N.,1
Che S.,1
Greco S.,1
Salatiello A.,1
De Motoli F.,1
Giovine A.,1
Veronese M.,1
Cupido M.G.,1
Pedarzani E.,1
Valpiani G.,1
Passaro A.,1
Martinez-Rodrigo A.,1
Castillo J.C.,1
Saz-Lara A.,1
Otero-Luis I.,1
Cavero-Redondo I.,1
Henderson R.,1
Murry A.,1
Crowshoe L.,1
Dar M.S.,1
Sahu N.K.,1
Hardaker N.,1
King D.,1
Hume P.A.,1
Stewart T.,1
Sims S.,1
Basu I.,1
Shilton B.,1
Selfe J.,1
Zaeem L.,1
McManus C.,1
Squires S.,1
Silverstone P.,1
Rolke K.,1
Weckbecker K.,1
Münster E.,1
Tillmann J.,1
Amin F.,1
Imran M.,1
Hafeez S.A.,1
Zehra B.,1
Gaid D.,1
Eilayyan O.,1
Bussières A.,1
Rahban A.,1
Ghahramani A.,1
Yusefzadeh H.,1
Harirchi I.,1
Alinia C.,1
Landers C.,1
Blasimme A.,1
Vayena E.,1
Karimi A.H.,1
Langberg J.,1
Malige A.,1
Rahman O.,1
Abboud J.A.,1
Stone M.A.,1
Katushabe J.,1
Nnyanzi J.B.,1
Muwanga G.S.,1
Farinhas J.H.,1
de França D.A.,1
Serpa M.C.,1
Biondo L.M.,1
Doline F.R.,1
Giuffrida R.,1
Santarém V.A.,1
dos Santos A.P.,1
Labruna M.B.,1
Kmetiuk L.B.,1
Biondo A.W.,1
Sangiorgi L.,1
Boarini M.,1
Skarberg R.T.,1
Clancy J.,1
Wang V.,1
Mordenti M.,1
Kalman J.L.,1
Burkhardt G.,1
Samochowiec J.,1
Gebhard C.,1
Dom G.,1
John M.,1
Kilic O.,1
Kurimay T.,1
Lien L.,1
Schouler-Ocak M.,1
Vidal D.P.,1
Wiser J.,1
Gaebel W.,1
Volpe U.,1
Falkai P.,1
Chauhan V.,1
Thakur A.,1
O’Donoghue O.,1
Rohanian O.,1
Molaei S.,1
Clifton D.A.,1
Alam F.,1
Alsaed O.,1
Abdulla N.,1
Abdulmomen I.,1
Lutf A.,1
Al Emadi S.,1
Sambodo N.P.,1
Pradhan M.,1
Sparrow R.,1
van Doorslaer E.,1
Yan J.,1
Kreca S.M.,1
Albers I.S.,1
Musters S.C.W.,1
van Dijkum E.J.M.N.,1
Tuinman P.R.,1
Eskes A.M.,1
de Fougerolles T.R.,1
Baïssas T.,1
Perquier G.,1
Vitoux O.,1
Crépey P.,1
Bartelt-Hofer J.,1
Bricout H.,1
Petitjean A.,1
Sales R.K.,1
Navarro M.A.,1
Parrón I.,1
Carol M.,1
Bes N.,1
Izquierdo C.,1
Godoy P.,1
Barrabeig I.,1
Sala M.R.,1
Minguell S.,1
Ferras J.,1
Rius C.,1
Martínez A.I.,1
Domínguez À.,1
Kajos L.F.,1
Molics B.,1
Than P.,1
Gőbel G.,1
Elmer D.,1
Pónusz-Kovács D.,1
Csákvári T.,1
Kovács B.,1
Horváth L.,1
Bódis J.,1
Boncz I.,1
Lei C.,1
Wei X.,1
Yuan D.,1
Hu M.,1
Yao N.,1
Zhong H.,1
Zhang R.,1
Cho Y.,1
Lee H.K.,1
Yoo K.-B.,1
Choi M.,1
Steel A.,1
Foley H.,1
Graham K.,1
Harnett J.,1
Adams J.,1
Pearson A.,1
Carrieri D.,1
Melvin A.,1
Bramwell C.,1
Scott J.,1
Hancock J.,1
Papoutsi C.,1
Pearson M.,1
Wong G.,1
Mattick K.,1
Wilson L.M.,1
Tam C.,1
Wai Lai V.K.,1
Ajayi M.,1
Lê M.-L.,1
Oketola B.,1
Klassen T.P.,1
Aregbesola A.,1
Nummedal M.A.,1
King S.E.,1
Uleberg O.,1
Pedersen S.A.,1
Bjørnsen L.P.,1
Ingvarsson E.,1
Schildmeijer K.,1
Hagerman H.,1
Lindberg C.,1
Rudinac S.,1
Osseyran A.,1
Saeidnia H.R.,1
Kozak M.,1
Lund B.D.,1
Hassanzadeh M.,1
Qian S.,1
Ding Y.,1
Lin Q.,1
Wang N.,1
Tsega Y.,1
Endawkie A.,1
Kebede S.D.,1
Mihiretu M.M.,1
Bekele E.,1
Ayele K.,1
Asmare L.,1
Bayou F.D.,1
Arefaynie M.,1
Richelle L.,1
Dramaix-Wilmet M.,1
Vanderhofstadt Q.,1
Kornreich C.,1
Carini C.,1
Seyhan A.A.,1
Jovanovic A.,1
Miller-Hodges E.,1
Castriota F.,1
Takyar S.,1
Howitt H.,1
Ayodele O.,1
An Z.,1
Shao J.,1
Xiao S.,1
Wei W.,1
Yuan Q.,1
Fu W.,1
Udas S.,1
Chand O.B.,1
Shrestha B.,1
Pathak S.,1
Syantang S.,1
Dahal A.,1
Karkey A.,1
Giri A.,1
Shilpakar O.,1
Basnyat B.,1
Salami O.,1
Nkeramahame J.,1
Olliaro P.,1
Horgan P.,1
Nandagopal M.,1
Seerangan K.,1
Govindaraju T.,1
Abi N.E.,1
Balusamy B.,1
Selvarajan S.,1
Devikrishna N.B.,1
Mishra N.L.,1
Singh A.,1
Krijger A.,1
Schiphof-Godart L.,1
Lanting C.,1
Elstgeest L.,1
Raat H.,1
Joosten K.,1
Alsaif M.,1
Farhat A.,1
Blumer Z.,1
Barham L.,1
Maliwichi L.,1
Kondowe F.,1
Mmanga C.,1
Mchenga M.,1
Nyamali S.,1
Guzzi G.,1
Della Torre A.,1
Bruni A.,1
Lavano A.,1
Bosco V.,1
Garofalo E.,1
La Torre D.,1
Longhini F.,1
Gareri P.,1
Cotroneo A.M.,1
Gelmini G.,1
Mossello E.,1
Massaia M.,1
Ghadi Y.Y.,1
Shah S.F.A.,1
Mazhar T.,1
Shahzad T.,1
Ouahada K.,1
Hamam H.,1
Fitzpatrick K.M.,1
Sjoblom E.,1
Puinean G.,1
Robson H.,1
Campbell S.M.,1
Fayant B.,1
Hesgrove B.,1
Zebrak K.,1
Yount N.,1
Sorra J.,1
Ginsberg C.,1
Adeoye I.A.,1
Aleka B.U.,1
Afolabi R.F.,1
Oluwasola T.A.O.,1
Miles T.T.,1
Danzig T.,1
Marrero M.,1
Morales I.,1
Babazadeh S.,1
Wilkens J.,1
Thulesius H.,1
Ekman B.,1
Mattheus D.J.,1
Nassar M.,1
Shalan W.,1
Al-Janaby U.,1
Elnagar H.,1
Alawadhi M.,1
Jaser S.,1
Joury E.,1
Utpat S.,1
Utpat N.,1
Nookala V.,1
Podakula L.,1
Utpat K.,1
Schulmann K.,1
Bruen C.,1
Parker S.,1
Siersbaek R.,1
Conghail L.M.,1
Burke S.,1
Khoshakhlagh A.H.,1
Mohammadzadeh M.,1
Gruszecka-Kosowska A.,1
Oikonomou E.,1
Watson J.,1
Robertson S.,1
Ryan T.,1
Wood E.,1
Cooke J.,1
Hampshaw S.,1
Roddam H.,1
Faissner M.,1
Brünig L.,1
Gaillard A.-S.,1
Jieman A.-T.,1
Gather J.,1
Hempeler C.,1
Causio F.A.,1
Beccia F.,1
Hoxhaj I.,1
Huang H.-Y.,1
Farina S.,1
Osti T.,1
Savoia C.,1
Cadeddu C.,1
Ricciardi W.,1
Boccia S.,1
Bahraini S.,1
Maisonneuve A.R.,1
Wu D.,1
Samson A.,1
Robaey P.,1
Li S.,1
Hartley N.,1
Russell T.,1
Gleason-Comstock J.,1
Calhoun C.B.,1
Locke B.J.,1
Boorle N.V.L.D.,1
Cobty K.,1
McKenney T.,1
Uddin K.O.,1
Bauer S.J.,1
Lewis H.,1
Taubert M.,1
Nelson A.,1
Yadeta T.A.,1
Mohamed A.,1
Behir K.,1
Alemu A.,1
Balis B.,1
Debella A.,1
Letta S.,1
Graul E.L.,1
Nordon C.,1
Rhodes K.,1
Menon S.,1
Al Ammouri M.,1
Kallis C.,1
Ioannides A.E.,1
Whittaker H.R.,1
Peters N.S.,1
Quint J.K.,1
Aljohani A.,1
Aburasain R.Y.,1
Edgar A.K.,1
Tai J.,1
Bearman M.,1
Newlands R.,1
Bruhn H.,1
Díaz M.R.,1
Lip G.,1
Anderson L.A.,1
Ramsay C.,1
van den Burg E.L.,1
Schoonakker M.P.,1
Korpershoek B.,1
Sommeling L.E.,1
Sturm C.A.,1
Lamb H.J.,1
Pijl H.,1
Numans M.E.,1
Adriaanse M.A.,1
van Peet P.G.,1
Boven A.,1
Simin J.,1
Andersson F.L.,1
Vlieghe E.,1
Callens S.,1
Zeebari Z.,1
Engstrand L.,1
Brusselaers N.,1
Bø K.-E.,1
Halvorsen K.H.,1
Le A.Y.-N.,1
Lehnbom E.C.,1
Merz S.,1
Aksakal T.,1
Hibtay A.,1
Yücesoy H.,1
Fieselmann J.,1
Annaç K.,1
Yılmaz-Aslan Y.,1
Brzoska P.,1
Tezcan-Güntekin H.,1
Krstic M.,1
Devaud J.-C.,1
Sadeghipour F.,1
Marti J.,1
Booker L.A.,1
Mills J.,1
Bish M.,1
Spong J.,1
Deacon-Crouch M.,1
Skinner T.C.,1
de Girolamo G.,1
Andreassen O.A.,1
Bauer M.,1
Brambilla P.,1
Calza S.,1
Citerà N.,1
Corcoy R.,1
Fagiolini A.,1
Garcia-Argibay M.,1
Klingler F.,1
Kobayashi N.F.,1
Larsson H.,1
Matura S.,1
Martinelli A.,1
De la Peña-Arteaga V.,1
Poli R.,1
Reif A.,1
Ritter P.,1
Rødevand L.N.,1
Magno M.,1
Caselani E.,1
Szabo S.M.,1
Hawkins N.S.,1
Germeni E.,1
Kidholm K.,1
Jensen L.K.,1
Johansson M.,1
Montori V.M.,1
Dadi T.L.,1
Tegene Y.,1
Vollebregt N.,1
Medhin G.,1
Spigt M.,1
Zhao Y.-C.,1
Sun Z.-H.,1
Li J.-K.,1
Liu H.-Y.,1
Cai H.-L.,1
Cao W.,1
Yu F.,1
Zhang B.-K.,1
Yan M.,1
Algahtani H.A.,1
Shirah B.H.,1
Albeladi Y.K.,1
Albeladi R.K.,1
Mailepessov D.,1
Ong J.,1
Nasir M.Z.M.,1
Aik J.,1
Woo M.,1
Tey H.L.,1
Yew Y.W.,1
Bloska J.,1
Crabtree S.,1
Wollersberger N.,1
Mitchell O.,1
Coles J.,1
Halsey C.,1
Parry G.,1
Stewart R.,1
Thacker S.,1
Thacker M.,1
Claydon-Mueller L.,1
Winnard Y.,1
McMahon K.,1
Petrowitz C.,1
Smrokowska-Reichmann A.,1
van Doorn B.,1
Baker F.A.,1
Blauth L.,1
Bukowska A.A.,1
Stensæth K.,1
Tamplin J.,1
Wosch T.,1
Qu Z.,1
Guo L.,1
Xu H.,1
Feng G.,1
Liu G.,1
Xie Z.,1
Bilawal M.,1
Shafique R.,1
Ansari R.S.,1
Bashir M.A.,1
Nadeem M.A.,1
Qayyum S.N.,1
Shah H.H.,1
Tehseen A.,1
Alnemr L.,1
Noori S.,1
Masrour M.,1
Zare A.,1
Presedo A.,1
Nabian M.H.,1
Naidoo S.,1
Hoenselaar N.K.,1
Yelverton C.,1
Schmitt T.,1
Czabanowska K.,1
Schröder-Bäck P.,1
Sørensen L.,1
Johannesen D.T.,1
Melkas H.,1
Johnsen H.M.,1
Dantas A.A.G.,1
de Oliveira N.P.D.,1
Costa G.A.B.,1
Martins L.F.L.,1
dos Santos J.E.M.,1
Migowski A.,1
de Camargo Cancela M.,1
de Souza D.L.B.,1
Abbaticchio A.,1
Theodorlis M.,1
Marshall D.,1
MacKay C.,1
Borkhoff C.M.,1
Hazlewood G.S.,1
Battistella M.,1
Lofters A.,1
Ahluwalia V.,1
Gagliardi A.R.,1
Gerdes A.,1
Kristoffersen A.E.,1
Stub T.,1
Nilsen J.V.,1
Nordberg J.H.,1
Broderstad A.R.,1
Wider B.,1
Bjelland M.,1
Mandla R.,1
Schroeder P.,1
Porneala B.,1
Florez J.C.,1
Meigs J.B.,1
Mercader J.M.,1
Leong A.,1
Eslami Jahromi M.,1
Franzén C.,1
Nilsson E.-L.,1
Shahrzad S.,1
Overbeck G.,1
Holm A.,1
Høj K.,1
Hølmkjaer P.,1
Peng Z.,1
Zittleman L.,1
Westfall J.M.,1
Callen D.,1
Herrick A.M.,1
Nkouaga C.,1
Simpson M.,1
Dickinson L.M.,1
Fernald D.,1
Kaufman A.,1
English A.F.,1
Dickinson W.P.,1
"Nease D.E., Jr",1
Hamid Z.,1
Khalique F.,1
Mahmood S.,1
Daud A.,1
Bukhari A.,1
Alshemaimri B.,1
Arntson L.,1
McLaughlin K.R.,1
Smit E.,1
Feleke M.G.,1
Kebamo T.E.,1
Minuta W.M.,1
Yi Z.,1
Feng X.L.,1
Nordeck C.D.,1
Kelly S.M.,1
Schwartz R.P.,1
Mitchell S.G.,1
Welsh C.,1
O’Grady K.E.,1
Gryczynski J.,1
Qiao X.,1
Feng X.,1
Shafierizi S.,1
Pasha H.,1
Basirat Z.,1
Amiri F.N.,1
Kheirkhah F.,1
Mastoi Q.-U.-A.,1
Alqahtani A.,1
Almakdi S.,1
Sulaiman A.,1
Rajab A.,1
Shaikh A.,1
Alqhtani S.M.,1
Gaber S.N.,1
Rydeman I.-B.,1
Mattsson E.,1
Kneck Å.,1
Marzano L.,1
Darwich A.S.,1
Jayanth R.,1
Sven L.,1
Falk N.,1
Bodeby P.,1
Meijer S.,1
Lajore B.A.,1
Aweke Y.H.,1
Ayanto S.Y.,1
Ayele M.,1
Aitken G.L.,1
Motta M.,1
Samuels S.,1
Gannon C.J.,1
Llaguna O.H.,1
Makhlouf A.,1
Gangaram P.,1
Aifa K.E.,1
Khenissi M.C.,1
Howland I.,1
Abid C.,1
Jones A.,1
Howard I.,1
Castle N.,1
Al Shaikh L.,1
Khadhraoui M.,1
Gargouri I.,1
Laughton J.,1
Alinier G.,1
Wen X.,1
Qiu Y.,1
Ruan Z.,1
Mahmoudi M.,1
Ghorbani A.A.,1
Pourasghar M.,1
Balaghafari A.,1
Charati J.Y.,1
Ghahrani N.,1
Amini F.,1
Rae V.I.,1
Smith S.E.,1
Hopkins S.R.,1
Tallentire V.R.,1
Cao C.,1
Han Y.,1
Willem L.,1
Abrams S.,1
Franco N.,1
Coletti P.,1
Libin P.J.K.,1
Wambua J.,1
Couvreur S.,1
André E.,1
Wenseleers T.,1
Torneri A.,1
Faes C.,1
Hens N.,1
Eshetu H.B.,1
Bassah N.,1
Beranek J.,1
Onabadejo J.,1
Santos Salas A.,1
Eitze S.,1
Felgendreff L.,1
Horstkötter N.,1
Seefeld L.,1
Betsch C.,1
Yang D.M.,1
Rong R.,1
Nezafati K.,1
Treager C.,1
Chi Z.,1
Klesse L.J.,1
Xiao G.,1
Peterson E.D.,1
Zhan X.,1
Xie Y.,1
Blanchet K.,1
Rubenstein L.,1
Taithe B.,1
Fast L.,1
Adebisi Y.A.,1
Jimoh N.D.,1
Bassey A.E.,1
Alaka H.O.,1
Marah M.,1
Ngoma C.,1
Ogunkola I.O.,1
Bouaddi O.,1
Courage I.,1
Abdelatif El-Abasiri R.A.,1
Boutahar R.,1
Ogbodum M.U.,1
Ekpenyong A.M.,1
Uwizeyimana T.,1
Oghenerukevwe O.E.,1
Olawade D.B.,1
Rueger M.S.,1
Lechner-Meichsner F.,1
Kirschbaum L.,1
Lubik S.,1
Roll S.C.,1
Steil R.,1
Tu Z.,1
Cao Z.,1
Xiang Y.,1
Lin D.,1
Jin L.,1
Yan P.,1
Hu W.,1
Shang Y.,1
Xie P.,1
Dongye M.,1
Ting D.S.W.,1
Pan R.,1
Lin H.,1
Cunningham R.,1
Stanley J.,1
Imlach F.,1
Haitana T.,1
Lockett H.,1
Every-Palmer S.,1
Clark M.T.R.,1
Lacey C.,1
Telfer K.,1
Peterson D.,1
Ohlenburg H.,1
Arnemann P.-H.,1
Hessler M.,1
Görlich D.,1
Zarbock A.,1
Friederichs H.,1
van de Voort I.,1
Grossmann I.,1
Leistikow I.,1
Weenink J.-W.,1
Komijan A.R.,1
Yazdi A.K.,1
Tan Y.,1
Ocampo L.,1
Nasrollahpourniazi F.,1
Wei B.,1
He R.,1
Zhu B.,1
Khan U.I.,1
Shah S.,1
Viswanathan S.,1
Qureshi A.,1
Noornabi Y.,1
Niaz M.,1
Wylie-Rosett J.,1
Jeganathan G.,1
Srinivasan S.K.,1
Govindharaj P.,1
Touma S.,1
Hammou B.A.,1
Antaki F.,1
Boucher M.C.,1
Duval R.,1
Ekelund U.,1
Ohlsson B.,1
Melander O.,1
Björk J.,1
Ohlsson M.,1
Forberg J.L.,1
de Capretz P.O.,1
Nyström A.,1
Björkelund A.,1
Draper-Rodi J.,1
Abbey H.,1
Hammond J.,1
Thomson O.T.,1
Brownhill K.,1
MacMillan A.,1
Fabusuyi Y.,1
Vogel S.,1
Dai H.,1
James C.,1
Wood R.,1
Cao H.,1
Yang H.,1
Karlsson E.A.,1
Kvarnström S.,1
Kvarnström M.,1
Gong B.,1
Pan F.,1
Song J.,1
Zhou G.,1
Björklund J.,1
Pettersson L.,1
Zubair Rahman A.M.J.,1
Gupta M.,1
Aarathi S.,1
Mahesh T.R.,1
Vinoth Kumar V.,1
Yogesh Kumaran S.,1
Guluwadi S.,1
Ohbe H.,1
Hashimoto S.,1
Ogura T.,1
Nishikimi M.,1
Kudo D.,1
Shime N.,1
Kushimoto S.,1
Hassan H.I.,1
Kaka B.,1
Bello F.,1
Fatoye F.,1
Ibrahim A.A.,1
Benbassat J.,1
Taqi M.,1
Zaidi S.J.A.,1
Siddiqui S.U.,1
Zia B.,1
Khadija Siddiqui M.,1
Ayub F.,1
Afzal N.,1
Ali W.,1
Asif F.,1
ul Hassan S.S.,1
Haque G.,1
Ahmed F.A.,1
Ajani K.,1
Tharani Z.,1
Jaffer M.,1
Haider A.H.,1
Aboumatar H.J.,1
Latif A.,1
Jakobsen S.G.,1
Andersen P.T.,1
Lauritsen J.,1
Larsen C.P.,1
Stenager E.,1
Christiansen E.,1
Nixon P.,1
Broccatelli C.,1
Baggio S.,1
Young A.,1
Newcomb D.,1
Mourits B.M.P.,1
den Hartog S.J.,1
de Graaf J.A.,1
Roozenbeek B.,1
Post M.W.M.,1
Visser-Meily J.M.A.,1
Scholten E.W.M.,1
Jenkins D.R.,1
Auckland C.,1
Chadwick C.,1
Dodgson A.R.,1
Enoch D.A.,1
Goldenberg S.D.,1
Hussain A.,1
Martin J.,1
Spooner E.,1
Whalley T.,1
Hodson N.,1
Powell B.J.,1
Nilsen P.,1
Beidas R.S.,1
Pedersen S.,1
Corcoran L.,1
Zapata Mayor J.C.,1
Hoyos Hernández P.A.,1
Sharif-Nia H.,1
Marôco J.,1
Froelicher E.S.,1
Barzegari S.,1
Sadeghi N.,1
Fatehi R.,1
Khajoei R.,1
Jokar M.,1
Vasli P.,1
Peter S.,1
Oberröhrmann C.,1
Lehmann C.,1
Schmidt-Hellerau K.,1
Brandes V.,1
Leisse C.,1
Ihle P.,1
Küpper-Nybelen J.,1
Hagemeier A.,1
Hadida L.,1
Wacht O.,1
Riven I.L.,1
Grinstein-Cohen O.,1
Pineda P.,1
Klenner M.,1
Espinoza G.,1
Mariño R.,1
Zaror C.,1
Sung B.,1
O’Driscoll F.,1
Gregory A.,1
Grailey K.,1
Franklin H.,1
Poon S.,1
Lawrence-Jones A.,1
Shepherd L.,1
McCrudden C.,1
Klaber B.,1
Pavlakis C.,1
Darzi A.,1
Huf S.,1
Martin S.,1
Ancillotti M.,1
Slokenberga S.,1
Matar A.,1
Wen H.,1
Fuchs T.I.,1
Pfab C.,1
Kiselev J.,1
Schaller S.J.,1
Spies C.,1
Rombey T.,1
Kasa A.S.,1
Traynor V.,1
Drury P.,1
Miller C.R.,1
Crockett K.B.,1
Cropsey K.L.,1
Gajos J.M.,1
Pinto e Vairo F.,1
Kemppainen J.L.,1
Vitek C.R.R.,1
Whalen D.A.,1
Kolbert K.J.,1
Sikkink K.J.,1
Kroc S.A.,1
Kruisselbrink T.,1
Shupe G.F.,1
Knudson A.K.,1
Burke E.M.,1
Loftus E.C.,1
Bandel L.A.,1
Prochnow C.A.,1
Mulvihill L.A.,1
Thomas B.,1
Gable D.M.,1
Graddy C.B.,1
Garzon G.G.M.,1
Ekpoh I.U.,1
Porquera E.M.C.,1
Fervenza F.C.,1
Hogan M.C.,1
El Ters M.,1
Warrington K.J.,1
"Davis J.M., III",1
Koster M.J.,1
Orandi A.B.,1
Basiaga M.L.,1
Vella A.,1
Creo A.L.,1
Lteif A.N.,1
Pittock S.T.,1
Tebben P.J.,1
Abate E.G.,1
Joshi A.Y.,1
Ristagno E.H.,1
Patnaik M.S.,1
Schimmenti L.A.,1
Dhamija R.,1
Sabrowsky S.M.,1
Wierenga K.J.,1
Keddis M.T.,1
Samadder N.J.J.,1
Presutti R.J.,1
Robinson S.I.,1
Stephens M.C.,1
Roberts L.R.,1
"Faubion W.A., Jr.",1
Driscoll S.W.,1
Wong-Kisiel L.C.,1
Selcen D.,1
Flanagan E.P.,1
Ramanan V.K.,1
Jackson L.M.,1
Mauermann M.L.,1
Ortega V.E.,1
Anderson S.A.,1
Aoudia S.L.,1
Klee E.W.,1
McAllister T.M.,1
Lazaridis K.N.,1
Jordan M.,1
Mignacca I.,1
Bayoumi I.,1
Lesego A.,1
Were L.P.O.,1
Tsegaye T.,1
Idris R.,1
Morrison L.,1
Peterson T.,1
Elhussein S.,1
Antonio E.,1
Magwindiri G.,1
Dumba I.,1
Mtambirwa C.,1
Madzikwa N.,1
Simbi R.,1
Ndlovu M.,1
Achoki T.,1
Ogugu E.G.,1
Bidwell J.T.,1
Ruark A.,1
Butterfield R.M.,1
Weiser S.D.,1
Neilands T.B.,1
Mulauzi N.,1
Rambiki E.,1
Mkandawire J.,1
Conroy A.A.,1
Harada S.,1
Abe T.,1
Furumido J.,1
Takahashi K.,1
Hori K.,1
Abe N.,1
Kon M.,1
Murai S.,1
Miyata H.,1
Kikuchi H.,1
Matsumoto R.,1
Osawa T.,1
Shinohara N.,1
Zemni I.,1
Gara A.,1
Bennasrallah C.,1
Ezzar S.,1
Kacem M.,1
Chokri R.,1
Maatouk A.,1
Abroug H.,1
Dhouib W.,1
Fredj M.B.,1
Bouanene I.,1
Belguith A.S.,1
Luo F.,1
Huang Y.,1
Jiang L.,1
Fan Q.,1
Gou Z.,1
Twabi H.S.,1
Gunde A.M.,1
Makhumula-Mtimuni C.,1
Garzon S.,1
Mariani A.,1
Weaver A.L.,1
Mcgree M.E.,1
Uccella S.,1
Ghezzi F.,1
Dowdy S.C.,1
Langstraat C.L.,1
Glaser G.E.,1
Mayhew S.H.,1
Doyle K.,1
Babawo L.S.,1
Mokuwa E.,1
Rohan H.,1
Martinez-Alverez M.,1
Borghi J.,1
Pitt C.,1
Ahn S.,1
Kim D.E.,1
Cong Z.,1
Huo M.,1
Jiang X.,1
Nakajo K.,1
Yamazaki M.,1
Qiu H.,1
Packendorff N.,1
Magnusson C.,1
Wibring K.,1
Axelsson C.,1
Hagiwara M.A.,1
Akhtar Baz S.,1
Chaaya R.,1
Hallit R.,1
Sakr F.,1
Dabbous M.,1
El Khatib S.,1
Obeid S.,1
Pungchompoo W.,1
Parinyachitta S.,1
Pungchompoo S.,1
Udomkhwamsuk W.,1
Suwan P.,1
Liu D.,1
Ge P.,1
Hong W.,1
Kaierdebieke A.,1
Yu W.,1
Pu K.,1
Ling R.,1
Pan L.,1
Feng Q.,1
Zhu H.,1
Fan H.,1
Caru M.,1
Levesque A.,1
Dandekar S.,1
Schmitz K.H.,1
Herreros B.,1
Ramnath V.R.,1
Santiago-Saez A.,1
Velasco Sanz T.R.,1
Pinto Pastor P.,1
Marie P.,1
Romain-Scelle N.,1
Potinet V.,1
Schott A.M.,1
Douplat M.,1
Yaow C.Y.L.,1
Ng Q.X.,1
Chong R.I.H.,1
Ong C.,1
Chong N.Z.-Y.,1
Yap N.L.X.,1
Hong A.S.Y.,1
Tan B.K.T.,1
Loh A.H.P.,1
Wong A.S.Y.,1
Tan H.K.,1
Durydivka O.,1
Palivec P.,1
Gazdarica M.,1
Mackie K.,1
Blahos J.,1
Kuchar M.,1
Veronese N.,1
Soysal P.,1
Barbagallo M.,1
Shenkin S.D.,1
Quinn T.J.,1
Dupas B.,1
Castro-Farias D.,1
Girmens J.-F.,1
Eginay A.,1
Couturier A.,1
Villeroy F.,1
Delyfer M.-N.,1
Creuzot-Garcher C.,1
Giocanti-Auregan A.,1
Béral L.,1
Arndt C.,1
Mesnard C.,1
Vicaut E.,1
Chaumet-Riffaud P.,1
Paques M.,1
Jabbarzadeh-Ganjeh B.,1
Djafarian K.,1
Shab-Bidar S.,1
Gloeckl R.,1
Fürlinger U.,1
Schneeberger T.,1
Leitl D.,1
Jarosch I.,1
Behrends U.,1
Scheibenbogen C.,1
Koczulla A.R.,1
Hlongwa M.,1
Basera W.,1
Nicol E.,1
Hayrumyan V.,1
Abrahamyan A.,1
Harutyunyan A.,1
Libaridian L.,1
Sahakyan S.,1
Sarani A.,1
Bahaadinbeigy K.,1
Aminzadeh M.,1
Moradi S.M.,1
Khademipour G.,1
Farahmandnia H.,1
Heming L.,1
Wenxuan C.,1
Xuemei W.,1
Qijun L.,1
Xiaobin H.,1
Sepahvand F.,1
Valizadeh F.,1
Karami K.,1
Abdolkarimi B.,1
Ghasemi F.,1
Sharifi A.,1
Gadekallu T.R.,1
Shankar A.,1
Almuammar S.,1
Alhowig W.,1
Hu S.,1
Luan J.,1
Saturno-Hernández P.,1
Moreno-Zegbe E.,1
Poblano-Verastegui O.,1
Torres-Arreola L.D.P.,1
Bautista-Morales A.C.,1
Maya-Hernández C.,1
Uscanga-Castillo J.D.,1
Flores-Hernández S.,1
Gómez-Cortez P.M.,1
Vieyra-Romero W.I.,1
Shakhshir M.H.,1
Salameh H.T.,1
Amer R.,1
Chua J.Y.X.,1
Kan E.M.,1
Lee P.P.,1
Shorey S.,1
Chew C.-C.,1
Lim X.-J.,1
Letchumanan P.,1
George D.,1
Rajan P.,1
Chong C.P.,1
Mikkelsen T.H.,1
Søndergaard J.,1
Kjær N.K.,1
Nielsen J.B.,1
Kjeldsen L.J.,1
Mogensen C.B.,1
Janssens O.,1
Andreou V.,1
Embo M.,1
Valcke M.,1
De Ruyck O.,1
Robbrecht M.,1
Haerens L.,1
Rakers M.,1
van Hattem N.,1
Simic I.,1
Chavannes N.,1
van Peet P.,1
Bonten T.,1
Vos R.,1
van Os H.,1
Lim A.,1
Benjasirisan C.,1
Ogungbe O.,1
Himmelfarb C.D.,1
Davidson P.,1
Koirala B.,1
Kuo K.-M.,1
Lin Y.-L.,1
Chang C.S.,1
Kuo T.J.,1
Salussolia A.,1
Capodici A.,1
Scognamiglio F.,1
La Fauci G.,1
Soldà G.,1
Montalti M.,1
Di Valerio Z.,1
Fantini M.P.,1
Odone A.,1
Costantino C.,1
Larson H.J.,1
Leask J.,1
Lenzi J.,1
Gori D.,1
Iezadi S.,1
Gholipour K.,1
Sherbafi J.,1
Behpaie S.,1
soltani N.,1
Pasha M.,1
Farahishahgoli J.,1
Alemu C.,1
Wudu H.,1
Lakew S.,1
Gupta P.,1
Chan A.,1
Tai-Anh V.,1
Man R.E.K.,1
Fenwick E.K.,1
Aravindhan A.,1
Junxing C.,1
Wood J.M.,1
Black A.A.,1
Ng J.H.,1
Cheng C.-Y.,1
Sabanayagam C.,1
Lamoureux E.L.,1
Sakuma Y.,1
Miller M.L.E.,1
Babalis D.S.,1
Baker A.,1
Reddi M.,1
Anjum A.,1
Bruton J.,1
Jones K.N.,1
Mulla U.Z.,1
Taddese H.,1
Powell D.,1
Hannah A.,1
Kresevic S.,1
Giuffrè M.,1
Ajcevic M.,1
Accardo A.,1
Crocè L.S.,1
Shung D.L.,1
Tucker R.,1
Vickers R.,1
Adams E.J.,1
Burgon C.,1
Lock J.,1
Goldberg S.E.,1
Gladman J.,1
Orton E.,1
Timmons S.,1
Harwood R.H.,1
Hoover A.,1
Watson D.,1
Reimche P.,1
Tanner L.,1
Gilchrist L.,1
Finch M.,1
Messinger Y.H.,1
Turcotte L.M.,1
Ridha B.,1
Hey N.,1
Ritchie L.,1
Toews R.,1
Turcotte Z.,1
Jamison B.,1
Fabre V.,1
Cosgrove S.E.,1
Lessa F.C.,1
Patel T.S.,1
Reyes-Morales G.,1
Aleman W.R.,1
Alvarez A.A.,1
Aquiles B.,1
Arauz A.B.,1
Arguello F.,1
Barberis M.F.,1
Barcan L.,1
Bernachea M.P.,1
Bernan M.L.,1
Buitrago C.,1
Del Carmen Bangher M.,1
Castañeda X.,1
Colque A.M.,1
Canton A.,1
Contreras R.,1
Correa S.,1
Campero G.C.,1
Espinola L.,1
Esquivel C.,1
Ezcurra C.,1
Falleroni L.A.,1
Ferrari S.,1
Frassone N.,1
Cruz C.G.,1
Garzón M.I.,1
Quintero C.H.G.,1
Gonzalez J.A.,1
Guaymas L.,1
Guerrero-Toapanta F.,1
Lambert S.,1
Laplume D.,1
Lazarte P.R.,1
Lemir C.G.,1
Lopez A.,1
Lopez I.L.,1
Maldonado H.,1
Maurizi D.M.,1
Melgar M.,1
Mesplet F.,1
Pertuz C.M.,1
Moreno C.,1
Moya G.L.,1
Nuccetelli Y.,1
Núñez G.,1
Osuna C.,1
Palacio B.,1
Pellice F.,1
Raffo C.,1
Choto F.R.,1
Ricoy G.,1
Rodriguez V.,1
Romero F.,1
Romero J.J.,1
Russo M.E.,1
Sadino G.,1
Sandoval N.,1
Silva M.G.,1
Urueña A.M.,1
Reyes L.V.,1
Videla H.,1
Valle M.,1
Perez S.V.A.,1
Vergara-Samur H.,1
Villamandos S.,1
Villarreal O.,1
Viteri A.,1
Warley E.,1
Quiros R.E.,1
Yıldız N.G.,1
Aydin H.Z.,1
Sambo G.,1
Aydın K.,1
Yıldız H.,1
Santri I.N.,1
Wardani Y.,1
Mwamulima B.,1
Isni K.,1
Phiri Y.V.A.,1
Chewaka M.T.,1
Tessema G.Y.,1
Afework H.T.,1
Biwota B.M.,1
Urgessa F.,1
Lengiso B.,1
Tsegaye A.,1
Abdella F.,1
Tadesse F.,1
Radich J.,1
Nigussie H.,1
Kuru Gerbaba T.,1
Omale U.I.,1
Zhang L.-Y.,1
Zhang K.,1
Zhang H.-F.,1
Ameyaw E.K.,1
Baatiema L.,1
Naawa A.,1
Odame F.,1
Koramah D.,1
Arthur-Holmes F.,1
Frimpong S.O.,1
Hategeka C.,1
Yan W.,1
Xiao D.,1
Xu C.,1
Song C.,1
Søjbjerg A.,1
Mygind A.,1
Rasmussen S.E.,1
Christensen B.,1
Pedersen A.F.,1
Maindal H.T.,1
Burau V.,1
Christensen K.S.,1
Ukert B.,1
Lawley M.,1
Kum H.-C.,1
Houpert R.,1
Bendiane M.-K.,1
Huiart L.,1
Bouhnik A.-D.,1
Alleaume C.,1
Touzani R.,1
Veronique-Baudin J.,1
Mancini J.,1
Joachim C.,1
Chirpaz E.,1
Kyaw K.W.Y.,1
Singh L.,1
Cikomola J.C.,1
Singh N.S.,1
Roberts B.,1
Dillon D.,1
Ward-Caviness C.,1
Kshirsagar A.V.,1
Moyer J.,1
Schwartz J.,1
Di Q.,1
Weaver A.,1
Kallay R.,1
Mbuyi G.,1
Eggers C.,1
Coulibaly S.,1
Kangoye D.T.,1
Kubuya J.,1
Soke G.N.,1
Mossoko M.,1
Kazambu D.,1
Magazani A.,1
Fonjungo P.,1
Luce R.,1
Aruna A.,1
Parsons Leigh J.,1
Moss S.J.,1
Mizen S.J.,1
Sriskandarajah C.,1
FitzGerald E.A.,1
Quinn A.E.,1
Farkas B.,1
Dodds A.,1
Columbus M.,1
Stelfox H.T.,1
Hsu M.-H.,1
Underwood B.R.,1
Wolverson E.,1
Nyiringango G.,1
Fors U.,1
Forsberg E.,1
Tumusiime D.K.,1
Altuhaifa F.,1
Al Tuhaifa D.,1
Nasser S.C.,1
Kanbar R.,1
Btaiche I.F.,1
Mansour H.,1
Elkhoury R.,1
Aoun C.,1
Karaoui L.R.,1
Zhu L.-W.,1
Wang R.-X.,1
Zhan J.-Y.,1
Lu H.-X.,1
Lyng H.B.,1
Ree E.,1
Strømme T.,1
Johannessen T.,1
Aase I.,1
Ullebust B.,1
Thomsen L.H.,1
Holen-Rabbersvik E.,1
Schibevaag L.,1
El-Sayed M.M.,1
AbdElhay E.S.,1
Hawash M.M.,1
Taha S.M.,1
Brierley M.L.,1
Chater A.M.,1
Edwardson C.L.,1
Castle E.M.,1
Hunt E.R.,1
Biddle S.J.H.,1
Sisodia R.,1
Bailey D.P.,1
Owusu B.A.,1
Doku D.T.,1
Altarifi D.,1
Harb T.,1
Abualhasan M.,1
Jehloh L.,1
Songwathana P.,1
Kitrungrote L.,1
Bourbonnais A.,1
Ramadan A.,1
Aboeldahab H.,1
Bashir M.N.,1
Belal M.M.,1
Wageeh A.,1
Atia A.,1
Elbanna M.,1
Alhejazi T.J.,1
Abouzid M.,1
Atef H.,1
Khalid E.,1
Elaziz O.A.A.,1
Eldeeb M.I.,1
Kamel Omar D.O.,1
Refaey N.,1
Setouhi A.,1
Mohammed A.K.,1
Chan Y.L.,1
Chee C.F.,1
Tang S.N.,1
Tay S.T.,1
Morales-Rodriguez D.P.,1
González-Cantú A.,1
Garza-Silva A.,1
Rivera-Cavazos A.,1
Fernández-Chau I.F.,1
Cepeda-Medina A.B.,1
Sanz-Sánchez M.A.,1
del Rio-Parra G.F.,1
Torres-Fuentes M.A.,1
Rodriguez-Puente M.A.,1
Romero-Ibarguengoitia M.E.,1
Lubbe W.,1
Kubeka Z.,1
Behr A.,1
Tshitaudzi G.,1
Dlamini-Nqeketo S.,1
Botha J.,1
Panda R.,1
Lahoti S.,1
Mishra N.,1
Prabhu R.R.,1
Rai A.K.,1
Rai K.,1
Møller O.M.,1
Vange S.S.,1
Borsch A.S.,1
Dam T.N.,1
Jensen A.M.B.,1
Jervelund S.S.,1
Lyimo A.,1
Mmbaga B.,1
Mahmoud A.,1
Eliamini W.S.,1
Ngowi N.B.,1
Mitao M.,1
Pancras G.,1
Malindisa E.,1
Kidayi P.,1
Conserve D.F.,1
Bartlett J.,1
Sunguya B.,1
Lyamuya E.,1
Kidenya B.,1
Balandya E.,1
Ngocho J.S.,1
Lai Y.K.,1
Ye J.F.,1
Ran Q.,1
Ao H.S.,1
Stewart D.,1
Madden M.,1
McCambridge J.,1
Wechsler J.R.,1
Tamasi S.,1
Fariman S.K.,1
Danesh K.,1
Pourtalebiyan M.,1
Fakhri Z.,1
Motallebi A.,1
fozooni A.,1
Sיhafran Tikva S.,1
Gabay G.,1
Shkoler O.,1
Kagan I.,1
Sedgwick M.,1
Brassolotto J.,1
Manduca-Barone A.,1
Pasay-an E.,1
Saguban R.,1
Cabansag D.,1
Alkubati S.,1
Farhat T.,1
Moussally K.,1
Nahouli H.,1
Hamad S.A.,1
Qaraya K.A.,1
Abdul-Sater Z.,1
El Sheikh W.G.,1
Jawad N.,1
Al Sedawi K.,1
Obaid M.,1
AbuKhoussa H.,1
Nyaruhirira I.,1
Hettiaratchy S.,1
Bull A.M.J.,1
Abu-Sittah G.,1
Shafiq Y.,1
Barone-Adesi F.,1
Ferrari D.,1
Violante T.,1
Addison P.,1
Perry W.R.G.,1
Merchea A.,1
Kelley S.R.,1
Mathis K.L.,1
Dozois E.J.,1
Larson D.W.,1
Thambinathan V.,1
Lena S.,1
Ramnarine J.,1
Chuang H.,1
Ogbaselassie L.,1
Dagher M.,1
Goulbourne E.,1
Wijayasinghe S.,1
Bawden J.,1
Kennedy L.,1
Wright V.,1
Schmid S.V.,1
Arnold C.,1
Jaisli S.,1
Bubl B.,1
Harju E.,1
Kidszun A.,1
van Rooyen I.,1
Claassen J.,1
Moodaley N.,1
Doyle G.,1
Skade T.,1
Nash R.,1
Gxilishe S.,1
Hellenberg D.A.,1
Alhaskawi A.,1
Zou X.,1
Ezzi S.H.A.,1
Kota V.G.,1
Abdulla M.H.A.H.,1
Olga A.,1
Abdalbary S.A.,1
Lu H.,1
Adelekan B.,1
Ikuteyijo L.,1
Goldson E.,1
Abubakar Z.,1
Adepoju O.,1
Oyedun O.,1
Adebayo G.,1
Dasogot A.,1
Mueller U.,1
Fatusi A.O.,1
Kautzky A.,1
Nopp S.,1
Gattinger D.,1
Petrovic M.,1
Antlinger M.,1
Schomacker D.,1
Kautzky-Willer A.,1
Bowman R.L.,1
Taylor J.,1
Davis D.L.,1
Shrestha R.,1
Sapkota D.,1
Sarraf R.R.,1
Mehra D.,1
Ekström A.M.,1
Deuba K.,1
Ghatak S.,1
Dutta M.,1
Harris S.R.,1
Amano A.,1
Winget M.,1
Skeff K.M.,1
Brown-Johnson C.G.,1
Sabahno H.,1
Eriksson M.,1
Xiong Y.,1
Yao Y.,1
Zhong Z.,1
Xiang L.,1
Hazen A.C.M.,1
Sloeserwij V.M.,1
de Groot E.,1
de Gier J.J.,1
de Wit N.J.,1
de Bont A.A.,1
Zwart D.L.M.,1
Fuentes-Cimma J.,1
Sluijsmans D.,1
Riquelme A.,1
Villagran I.,1
Isbej L.,1
Olivares-Labbe M.T.,1
Heeneman S.,1
Torri V.,1
Ercolanoni M.,1
Bortolan F.,1
Leoni O.,1
Ieva F.,1
Chew K.S.,1
Wong S.S.-L.,1
Siew K.L.,1
Kandasamy V.,1
Quek J.S.,1
Low L.L.,1
Wong S.K.W.,1
Salameh B.,1
Abdallah J.,1
Alkubati S.A.,1
ALBashtawy M.,1
Yalamchi F.,1
Tabrizian P.,1
Asadi-Lari M.,1
Ostrach B.,1
Hixon V.,1
Bryce A.,1
Patel V.C.,1
McPhail M.J.,1
Uddin R.,1
Jafari H.,1
Lawrence V.,1
Le Boutillier C.,1
Shearer J.,1
Yaziji N.,1
Cape A.,1
Ahmed H.,1
Ward C.,1
Walsh P.,1
Besly K.,1
Zamalloa A.,1
Kelly J.,1
Carter B.,1
Solbakken L.E.,1
Bergvik S.,1
Wynn R.,1
Garlasco J.,1
Mezerville M.H.-D.,1
Ling M.L.,1
Márquez-Villarreal H.,1
Seto W.-H.,1
Simon A.,1
Hennig T.-J.,1
Chan V.K.Y.,1
Chai Y.,1
Chan S.S.M.,1
Jit M.,1
Knapp M.,1
Bishai D.M.,1
Ni M.Y.,1
Wong I.C.K.,1
Ohta R.,1
Nitta T.,1
Shimizu A.,1
Sano C.,1
Deering K.L.,1
Larsen N.J.,1
Loustau P.,1
Weiss B.,1
Allas S.,1
Culler M.D.,1
Harshaw Q.,1
Mitchell D.M.,1
Mao C.,1
Shen Z.,1
Long D.,1
Liu M.,1
Gao X.,1
Lin Y.,1
Clark N.L.,1
Coe D.,1
Newell N.,1
Jones M.N.A.,1
Robb M.,1
Reaich D.,1
Wroe C.,1
Maghalian M.,1
Ghanbari-Homaie S.,1
Mirghafourvand M.,1
Miller J.-P.,1
Hutton J.,1
Doherty C.,1
Vallesi S.,1
Currie J.,1
Rushworth K.,1
Larkin M.,1
Scott M.,1
Morrow J.,1
Wood L.,1
König E.,1
Kriegl L.,1
Pux C.,1
Uhlmann M.,1
Schippinger W.,1
Avian A.,1
Krause R.,1
Zollner-Schwetz I.,1
Bogerd M.J.L.,1
Slottje P.,1
Bont J.,1
Van Hout H.P.J.,1
Rawas S.,1
Aranda-Nárvaez J.M.,1
Fernández-Galeano P.,1
Romacho-López L.,1
Cabrera-Serna I.,1
Titos-García A.,1
Mirón-Fernández I.,1
Santoyo-Santoyo J.,1
Simons M.,1
Fisher G.,1
Spanos S.,1
Davidson A.,1
Stoodley M.,1
Rapport F.,1
Jafarpour D.,1
El-Amier N.,1
Feine J.,1
Bedos C.,1
Abi-Nader S.,1
Esfandiari S.,1
Shuster T.,1
Zimmermann E.,1
de Souza R.,1
Maseko L.,1
Adams F.,1
Myezwa H.,1
Odongo D.O.,1
Osir E.,1
Awandu S.S.,1
Kumah E.,1
Asana Y.,1
Agyei S.K.,1
Kokuro C.,1
Ankomah S.E.,1
Fusheini A.,1
Singh R.,1
Nakash P.,1
Kumar R.,1
Kumar G.,1
Pal P.,1
Mishra S.,1
Raj P.,1
Rajotiya S.,1
Singh A.K.,1
Debnath S.,1
Chaturvedi B.,1
Bareth H.,1
Singh M.,1
Srivastava A.,1
Nathiya D.,1
Tomar B.S.,1
Singer L.,1
Evans L.,1
Zahra D.,1
Agbeja I.,1
Moyes S.,1
Michels-Zetsche J.D.,1
Schubert-Haack J.,1
Tanck K.,1
Neetz B.,1
Iberl G.,1
Müller M.,1
Kempa A.,1
Joves B.,1
Rheinhold A.,1
Ghiani A.,1
Tsitouras K.,1
Schneider A.,1
Rauch C.,1
Gehrig P.,1
Biehler E.,1
Fleischauer T.,1
Britsch S.,1
Frerk T.,1
Szecsenyi J.,1
Herth F.J.F.,1
Trudzinski F.C.,1
Gombault-Datzenko E.,1
Costa N.,1
Mounié M.,1
Tavassoli N.,1
Mathieu C.,1
Roussel H.,1
Lagarrigue J.M.,1
Berard E.,1
Rolland Y.,1
Molinier L.,1
Metta E.,1
Unkels R.,1
Mselle L.T.,1
Hanson C.,1
Alvesson H.M.,1
Al-beity F.M.A.,1
Vahedian-Azimi A.,1
Hassan I.F.,1
Rahimi-Bashar F.,1
Elmelliti H.,1
Akbar A.,1
Shehata A.L.,1
Ibrahim A.S.,1
Ait Hssain A.,1
Mohan G.,1
Subashini M.M.,1
Balan S.,1
Ordóñez J.E.,1
Huertas V.M.,1
Curtis K.,1
Tarasenko E.,1
Hill G.,1
Keogh S.,1
Kaggiah A.,1
Maina C.N.,1
Kinuthia J.,1
Barthold D.,1
Hauber B.,1
Tran J.,1
Simoni J.M.,1
Graham S.M.,1
Naesager A.H.D.,1
Damgaard S.N.,1
Rozing M.P.,1
Siersma V.,1
Tranberg K.,1
Cajander Å.,1
Ohlsson-Nevo E.,1
Fransson P.,1
Granström B.,1
von Essen L.,1
Langegård U.,1
Pettersson M.,1
Henriksson A.,1
Ehrsson Y.T.,1
Niemenoja O.,1
Ämmälä A.-J.,1
Riihijärvi S.,1
Lillrank P.,1
Bono P.,1
Taimela S.,1
Tian L.,1
Chen K.,1
Bai D.,1
Luo W.,1
Feng T.,1
Deng S.,1
Xie G.,1
Di H.,1
Wu J.,1
Griffin E.,1
Shirley G.,1
Tyagi A.,1
Shaltynov A.,1
Abenova M.,1
Baibussinova A.,1
Jamedinova U.,1
Myssayev A.,1
Rwigi D.,1
Nyerere A.K.,1
Diakhate M.M.,1
Kariuki K.,1
Tickell K.D.,1
Mutuma T.,1
Tornberg S.N.,1
Soge O.O.,1
Walson J.L.,1
Singa B.,1
Kariuki S.,1
Pavlinac P.B.,1
Mogeni P.,1
Mengistu T.S.,1
Kamari F.,1
Eller E.,1
Bøgebjerg M.E.,1
Capella I.M.,1
Galende B.A.,1
Korim T.,1
Øland P.,1
Borup M.L.,1
Frederiksen A.R.,1
Ranjouriheravi A.,1
Al-Jwadi A.F.,1
Mansour M.,1
Hansen S.,1
Diethelm I.,1
Burek M.,1
Alvarez F.,1
Buch A.G.,1
Mojtahedi N.,1
Segtnan E.A.,1
Matava C.T.,1
Bordini M.,1
Jasudavisius A.,1
Santos C.,1
Caldeira-Kulbakas M.,1
Chang R.,1
Okonji A.M.,1
Ishola A.G.,1
Ayamolowo L.B.,1
Femi-Akinlosotu O.M.,1
Mapayi B.,1
Folayan M.O.,1
Toni E.,1
Xiao H.,1
Gao H.,1
Dong S.,1
Yao D.,1
Yi J.,1
Cheng S.,1
Zeng S.,1
Hala S.,1
Malaikah M.,1
Bahitham W.,1
Fallatah O.,1
Zakri S.,1
Antony C.P.,1
Alshehri M.,1
Ghazzali R.N.,1
Ben-Rached F.,1
Alsahafi A.,1
Alsaedi A.,1
AlAhmadi G.,1
Kaaki M.,1
Alazmi M.,1
AlhajHussein B.,1
Yaseen M.,1
Zowawi H.M.,1
Alghoribi M.F.,1
Althaqafi A.O.,1
Al-Amri A.,1
Moradigaravand D.,1
Pain A.,1
Kates J.,1
Stricker C.T.,1
Rising K.L.,1
Gentsch A.T.,1
Solomon E.,1
Powers V.,1
Salcedo V.J.,1
Worster B.,1
Berkhout M.,1
Smit K.,1
Versendaal J.,1
Hodgson S.,1
Noack K.,1
Griffiths A.,1
Hodgins M.,1
Jarlenski M.,1
McClure C.,1
Sanders S.,1
Smalls M.,1
Méndez D.D.,1
Wang E.H.-H.,1
Lin P.-H.,1
Wu P.-L.,1
Kang E.Y.-C.,1
Yeh L.-K.,1
Chen K.-J.,1
Hsiao M.-C.,1
Wang N.-K.,1
Al-Attar M.,1
Butterworth S.,1
McKay L.,1
Zhao Q.,1
Shi M.,1
Stenmarck M.S.,1
Whitehurst D.G.T.,1
Lurås H.,1
Rugkåsa J.,1
Calcaterra V.,1
Tornese G.,1
Zuccotti G.,1
Staiano A.,1
Cherubini V.,1
Gaudino R.,1
Fazzi E.M.,1
Barbi E.,1
Chiarelli F.,1
Corsello G.,1
Esposito S.M.R.,1
Ferrara P.,1
Iughetti L.,1
Laforgia N.,1
Maghnie M.,1
Marseglia G.,1
Perilongo G.,1
Pettoello-Mantovani M.,1
Ruggieri M.,1
Russo G.,1
Salerno M.,1
Striano P.,1
Valerio G.,1
Wasniewska M.,1
Elshiwy K.,1
Amin G.E.E.-D.,1
Farres M.N.,1
Samir R.,1
Allam M.F.,1
Lee J.T.,1
Crettenden I.,1
Miller D.,1
Cormack M.,1
Cahill M.,1
Sugiura T.,1
Xiang F.,1
El Hadathy D.,1
Barakat H.,1
Hjorth M.,1
Svanberg A.,1
LoMartire R.,1
Kaminsky E.,1
Rorsman F.,1
Newson R.S.,1
Spaepen E.,1
Liao B.,1
Bower J.,1
Bhattacharya I.,1
Artime E.,1
Polonsky W.,1
Andersén M.B.,1
Revenäs Å.,1
Lostelius P.V.,1
Olsson E.M.G.,1
Bring A.,1
Ring L.,1
Keshavarzi A.,1
Delavari S.,1
Lotfi F.,1
Goudarzi Z.,1
Bashiri F.,1
Bayati M.,1
Gudjonsdottir H.,1
Tynelius P.,1
Stattin N.S.,1
Méndez D.Y.,1
Lager A.,1
Brynedal B.,1
Levy A.M.,1
Grigorovich A.,1
McMurray J.,1
Quirt H.,1
Ranft K.,1
Engell K.,1
Stewart S.,1
Astell A.,1
Kokorelias K.,1
Schon D.,1
Rogrigues K.,1
Tsokas M.,1
Flint A.J.,1
Iaboni A.,1
Huang R.,1
Jiang F.,1
Yang T.,1
Shen S.,1
Hui X.,1
Raman R.,1
Pattnaik D.,1
Lathabai H.H.,1
Kumar C.,1
Govindan K.,1
Nedungadi P.,1
Bru-Luna L.M.,1
Martí-Vilar M.,1
Merino-Soto C.,1
Livia-Segovia J.,1
Garduño-Espinosa J.,1
Toledano-Toledano F.,1
Nanaw J.,1
Sherchan J.S.,1
Fernandez J.R.,1
Strassle P.D.,1
Powell W.,1
Forde A.T.,1
Xia Y.,1
Duan Y.,1
Sha L.,1
Lai W.,1
Hou J.,1
Timko C.,1
Yu M.,1
Taylor E.,1
Blue-Howells J.,1
Finlay A.K.,1
Hackl E.,1
Maqsood K.,1
Hagras H.,1
Zabet N.R.,1
Bezie M.M.,1
Asmare Z.A.,1
Asebe H.A.,1
Lombebo A.A.,1
Fentie B.M.,1
Asnake A.A.,1
Seifu B.L.,1
Rokicki S.,1
Suplee P.D.,1
D’Oria R.,1
Huelsboemer L.,1
Knoedler L.,1
Kochen A.,1
Yu C.T.,1
Hosseini H.,1
Hollmann K.S.,1
Choi A.E.,1
Stögner V.A.,1
Knoedler S.,1
Hsia H.C.,1
Pomahac B.,1
Kauke-Navarro M.,1
Ouanes S.,1
Hashem L.A.,1
Makki I.,1
Khan F.,1
Mahgoub O.,1
Wafer A.,1
Dulaimy O.,1
Amro R.,1
Ghuloum S.,1
Wong L.P.,1
Loganathan T.,1
van de Water B.J.,1
Brooks M.B.,1
Matji R.,1
Ncanywa B.,1
Dikgale F.,1
Abuelezam N.N.,1
Mzileni B.,1
Nokwe M.,1
Moko S.,1
Mvusi L.,1
Loveday M.,1
Gimbel S.,1
Jeszka J.,1
Hummel D.,1
Woźniewicz M.,1
Morinaka T.,1
Sone Y.,1
Crews D.E.,1
Lompo P.,1
Heroes A.-S.,1
Ouédraogo K.,1
Okitale P.,1
Wakpo A.,1
Kalema J.,1
Lunguya O.,1
Tinto H.,1
Affolabi D.,1
Sangaré L.,1
Jacobs J.,1
Ramalingam S.,1
Idris F.,1
Hashim N.,1
Ruslan E.,1
Johal M.S.,1
Darus M.F.,1
Rui J.,1
Li K.,1
Wei H.,1
Zhao Z.,1
Abudunaibi B.,1
Chen T.,1
Mekonen B.,1
Dugassa S.,1
Feleke S.M.,1
Dufera B.,1
Gidisa B.,1
Adamu A.,1
Mandefro A.,1
Tasew G.,1
Golassa L.,1
Hooker C.,1
Karageorge A.,1
Scott K.M.,1
Lim R.,1
Nash L.,1
Ye H.,1
Dong L.,1
Ning X.,1
Cui H.,1
Jiang Y.,1
Gu X.,1
Moger T.A.,1
Holte J.H.,1
Amundsen O.,1
Haavaag S.B.,1
Edvardsen A.,1
Bragstad L.K.,1
Hellesø R.,1
Tjerbo T.,1
Vøllestad N.K.,1
Yanagisawa Y.,1
Imai S.,1
Kizaki H.,1
Hori S.,1
Ogunbajo A.,1
Todd I.,1
Zajdman D.,1
Anderson A.,1
Wali S.,1
Diamant A.,1
Ladapo J.A.,1
Ober A.J.,1
Eli K.,1
Harlock J.,1
Huxley C.J.,1
Bernstein C.,1
Mann C.,1
Spencer R.,1
Griffiths F.,1
Slowther A.-M.,1
Sánchez-Valle J.,1
Correia R.B.,1
Camacho-Artacho M.,1
Lepore R.,1
Mattos M.M.,1
Rocha L.M.,1
Valencia A.,1
Ding J.,1
Zampatti N.,1
Bonato I.,1
Calandrino A.,1
Saffioti C.,1
Parodi A.,1
Brigati G.,1
Minghetti D.,1
Ramenghi L.A.,1
Halvorsen M.S.,1
Stige S.H.,1
Halvorsen J.E.,1
Binder P.-E.,1
Måkestad E.,1
Albaek A.U.,1
Andersen A.C.,1
Das S.,1
Pandey A.K.,1
Morris D.E.,1
Anderson R.,1
Lim V.,1
Wie C.C.,1
Yap I.K.S.,1
Alattraqchi A.G.,1
Simin H.,1
Abdullah R.,1
Yeo C.C.,1
Clarke S.C.,1
Cleary D.W.,1
Dosoo A.K.,1
Abensur Vuillaume L.,1
Goffoy J.,1
Dubois N.,1
Almoyner N.,1
Bardet C.,1
Dubreucq E.,1
Klenkenberg S.,1
Donneau A.-F.,1
Dib C.,1
Ghuysen A.,1
Huang A.,1
Cooke S.M.,1
Garsden C.,1
Behne C.,1
Borkoles E.,1
McNaught E.,1
Reale S.,1
Bourke L.,1
Brown J.E.,1
Collinson M.,1
Day F.,1
Hewison J.,1
Farrin A.J.,1
Ibeggazene S.,1
Innes A.Q.,1
Mason E.,1
Meads D.,1
Scope A.,1
Taylor C.,1
Taylor S.J.C.,1
Turner R.R.,1
Rosario D.J.,1
Yagisawa T.,1
Kanzawa T.,1
Fujiwara Y.,1
Banno T.,1
Saito A.,1
Oki R.,1
Unagami K.,1
Hirai T.,1
Omoto K.,1
Hanafusa N.,1
Ishida H.,1
Takagi T.,1
Pfeuffer N.,1
Radicke F.,1
Leiz M.,1
Moon K.,1
Hoffmann W.,1
van den Berg N.,1
Allaert Y.,1
Leyder A.,1
Franceus J.,1
Desmet T.,1
Twycross R.,1
Ekenes M.,1
Oldeide O.,1
Wehling E.,1
Hansen M.C.,1
Uhrenfeldt L.,1
Ingstad K.,1
Pedersen P.U.,1
Choręza P.,1
Owczarek A.J.,1
Kruk W.,1
Chudek J.,1
Gwanika Y.,1
Metcalf M.,1
Espinoza P.,1
Kajoka H.D.,1
Staton C.,1
Mmbaga B.T.,1
Majaliwa E.,1
Smith E.R.,1
Cotache-Condor C.,1
Berk J.,1
Drainoni M.-L.,1
Hailu G.N.,1
Abdelkader M.,1
Asfaw F.,1
Meles H.A.,1
Chen Y.-H.,1
Lin J.J.,1
Yang C.-W.,1
Tang H.-M.,1
Jong G.-P.,1
Yang T.-Y.,1
Jia B.,1
Ma D.,1
Tian X.,1
Cui Y.,1
Deng Y.,1
Imtiyaz B.S.,1
Margoob M.A.,1
Roub Mbbs F.,1
Imtiaz M.,1
Martins C.,1
Neves B.,1
Teixeira A.S.,1
Froes M.,1
Sarmento P.,1
Machado J.,1
Magalhães C.,1
Silva N.,1
Silva M.,1
Leite F.,1
Wennekes M.D.,1
Almási T.,1
Eilers R.,1
Mezei F.,1
Petykó Z.I.,1
Timen A.,1
Vokó Z.,1
Hofmann B.M.,1
Brandsaeter I.Ø.,1
Andersen E.R.,1
Porthun J.,1
Kjelle E.,1
Solh Dost L.,1
Gastaldi G.,1
Dos Santos Mamed M.,1
Schneider M.P.,1
Lungu E.A.,1
Chewe M.,1
Rosenblum O.,1
Yehoshua I.,1
Adler L.,1
Liran O.,1
Maaß L.,1
Zeeb H.,1
Rothgang H.,1
Lan Z.,1
Deng Z.,1
Greenhalgh T.,1
Darbyshire J.L.,1
Lee C.,1
Ladds E.,1
Ceolta-Smith J.,1
Luo J.,1
Alyaemeni A.,1
Ou Y.,1
Alyafi-Alzahri R.,1
Alsanie G.,1
Unnisa S.T.,1
Amiri H.,1
Peiravi S.,1
rezazadeh shojaee S.S.,1
Rouhparvarzamin M.,1
Nateghi M.N.,1
Etemadi M.H.,1
ShojaeiBaghini M.,1
Musaie F.,1
Anvari M.H.,1
Asadi Anar M.,1
Jobalayeva B.,1
Khismetova Z.,1
Glushkova N.,1
Kozhekenova Z.,1
Abzaliyeva A.,1
Berikuly D.,1
Corkery-Hayward M.,1
Talaei M.,1
Tan C.,1
Dou H.,1
Chang M.C.,1
Alaeddini A.,1
do Carmo Leal M.,1
de Carvalho T.D.G.,1
Santos Y.R.P.,1
de Queiroz R.S.B.,1
Fonseca P.A.M.,1
Szwarcwald C.L.,1
Riggirozzi P.,1
Pandolfi E.,1
Loconsole D.,1
Chironna M.,1
van Summeren J.,1
Paget J.,1
Raponi M.,1
Russo L.,1
Campagna I.,1
Croci I.,1
Concato C.,1
Perno C.F.,1
Tozzi A.E.,1
Linardos G.,1
Bartolucci V.,1
Ciampini S.,1
Muda A.O.,1
De Angelis L.,1
Ciofi Degli Atti M.L.,1
Hough K.,1
Grasmeder M.,1
Parsons H.,1
Jones W.B.,1
Smith S.,1
Satchwell C.,1
Hobday I.,1
Taylor S.,1
Newman T.,1
Sasaki N.,1
Shimazu T.,1
Takeno H.,1
Ogawa S.,1
Sawada U.,1
Tsutsumi A.,1
Imamura K.,1
Szadkowski B.,1
Śliwka-Kaszyńska M.,1
Marzec A.,1
Kassam A.S.,1
Karalis P.,1
Aydinian T.,1
Panjwani A.,1
Whiteman A.,1
Daas M.,1
Cunningham E.A.,1
Krczal E.,1
Behrens D.A.,1
Sineke T.,1
Bor J.,1
King R.,1
Mokhele I.,1
Dukashe M.,1
Bokaba D.,1
Inglis R.,1
Kgowedi S.,1
Richman B.,1
Kinker C.,1
Blandford J.,1
Ruiter R.A.C.,1
Onoya D.,1
Sun T.-H.,1
Wang C.-C.,1
Liu T.-Y.,1
Lo S.-C.,1
Huang Y.-X.,1
Chien S.-Y.,1
Chu Y.-D.,1
Tsai F.-J.,1
Hsu K.-C.,1
Catho G.,1
Fortchantre L.,1
Teixeira D.,1
Galas-Haddad M.,1
Boroli F.,1
Chraïti M.-N.,1
Abbas M.,1
Harbarth S.,1
Buetti N.,1
Yamamoto K.,1
Nasu K.,1
Nakayoshi Y.,1
Takase M.,1
Kheimi A.M.,1
Bail J.B.,1
Parrillo S.J.,1
Leese C.J.,1
Mann R.H.,1
Al-Zubaidi H.,1
Cockcroft E.J.,1
Arraji M.,1
Al Wachami N.,1
Boumendil K.,1
Chebabe M.,1
Mochhoury L.,1
Laamiri F.Z.,1
Barkaoui M.,1
Reis S.P.,1
Wald H.S.,1
da Costa Miranda A.L.,1
da Paixão A.R.T.,1
Pedroso A.O.,1
do Espírito Santo Lima L.,1
Parente A.T.,1
Botelho E.P.,1
Polaro S.H.I.,1
de Oliveira e Silva A.C.,1
Reis R.K.,1
Ferreira G.R.O.N.,1
Svendsen S.J.,1
Grov E.K.,1
Staats K.,1
Landguth E.L.,1
Knudson J.,1
Graham J.,1
Orr A.,1
Coyle E.A.,1
Smith P.,1
Meng F.,1
Randriamboarison D.,1
Fustec E.,1
Enderlé I.,1
Yverneau M.,1
Le Breton K.,1
Lassel L.,1
Mazille-Orfanos N.,1
Pladys P.,1
Lett C.,1
Welch D.,1
Wéber A.,1
Vignat J.,1
Shah R.,1
Morgan E.,1
Laversanne M.,1
Nagy P.,1
Kenessey I.,1
Znaor A.,1
Li W.,1
Song P.,1
Eyamu J.,1
Kim W.-S.,1
Kim K.,1
Lee K.H.,1
Kim J.U.,1
Bonadonna L.V.,1
Guerrero E.,1
McClendon T.,1
Union S.,1
Kabbani D.,1
Wittmann D.,1
Cohn J.,1
Veltman J.,1
Namsrai T.,1
Phillips C.,1
Parkinson A.,1
Gregory D.,1
Kelly E.,1
Cook M.,1
Desborough J.,1
Ambrose J.W.,1
Catchpole K.,1
Evans H.L.,1
Nemeth L.S.,1
Layne D.M.,1
Hernandez C.,1
Herranz C.,1
Baltaxe E.,1
Seijas N.,1
González-Colom R.,1
Asenjo M.,1
Coloma E.,1
Vela E.,1
Carot-Sans G.,1
Cano I.,1
Roca J.,1
Nicolas D.,1
Nichol P.F.,1
Saari M.J.,1
Navas N.,1
Aguilar D.,1
Bliesner R.K.,1
Brunner P.J.,1
Caceres J.C.,1
VanDommelen A.R.,1
Fischer M.,1
Garcha S.,1
Ghawas E.A.,1
Hackinson G.R.,1
Hitzeman A.,1
Jabbour M.,1
Jentsch A.M.,1
Kurth M.M.,1
Leyden M.,1
Luo Q.,1
McGrain A.C.,1
Nytes G.,1
O’Brien O.R.,1
Philavong J.K.,1
Villegas N.,1
Walsh S.R.,1
Wisdorf S.S.,1
Holbrook A.,1
Perri D.,1
Levine M.,1
Mbuagbaw L.,1
Jarmain S.,1
Thabane L.,1
Tarride J.-E.,1
Dolovich L.,1
Hyland S.,1
Telford V.,1
Silva J.,1
Nieuwstraten C.,1
Nabei J.N.,1
Bonful H.A.,1
Afari E.A.,1
Mohammed A.G.,1
Anum A.,1
Wong A.,1
Constantino R.E.,1
Hui V.,1
Hussen E.,1
Maru Y.,1
Atsbeha B.W.,1
Tang S.,1
Akers C.,1
Alnajjar H.,1
Ayres B.,1
Baldini C.,1
Embleton-Thirsk A.,1
Gurusamy K.,1
Hadway P.,1
Kumar V.,1
Lau M.,1
Nigam R.,1
Pang K.,1
Parnham A.,1
Pizzo E.,1
Ranieri V.,1
Rees R.,1
Sangar V.,1
Wadke A.,1
Williams N.,1
Muneer A.,1
Yu J.,1
Yuan A.,1
Meng C.,1
Cao S.,1
Kilpatrick C.,1
Deeves M.,1
Allegranzi B.,1
Jiang Q.,1
Volkow P.,1
Chávez-Chávez T.G.,1
García-Pineda B.,1
Velázquez-Acosta C.,1
Carpio-Guadarrama D.,1
Vilar-Compte D.,1
Ibanes-Gutiérrez C.,1
Bindayel I.A.,1
Alahmad S.A.,1
Elshawi R.,1
Sakr S.,1
Al-Mallah M.H.,1
Keteyian S.J.,1
Brawner C.A.,1
Ehrman J.K.,1
Kornhauser T.,1
Pemberton J.D.,1
Piroozi B.,1
Moradi G.,1
Khoramipoor K.,1
Mahmoodi H.,1
Zandvakili F.,1
Shokri A.,1
Moradpour F.,1
Cole S.,1
Noble S.,1
Gooberman-Hill R.,1
Pinedo-Villanueva R.,1
Durão S.,1
Effa E.,1
Mbeye N.,1
Mthethwa M.,1
McCaul M.,1
Naude C.,1
Brand A.,1
Blose N.,1
Mabetha D.,1
Chibuzor M.,1
Arikpo D.,1
Chipojola R.,1
Kunje G.,1
Vandvik P.O.,1
Esu E.,1
Lewin S.,1
Kredo T.,1
Pettersen S.,1
Eide H.,1
Berg A.,1
Byrne C.J.,1
Sani F.,1
Thain D.,1
Fletcher E.H.,1
Malaguti A.,1
Chen P.,1
Ding M.,1
Li C.,1
Long Y.,1
Pan D.,1
Yi C.,1
Claassen L.,1
Ritter L.M.,1
Latten G.H.P.,1
Zelis N.,1
Cals J.W.L.,1
Stassen P.M.,1
Oriokot L.,1
Munabi I.G.,1
Kiguli S.,1
Mubuuke A.G.,1
Eriksson J.,1
Calling S.,1
Jakobsson U.,1
Wolff M.,1
Borgström Bolmsjö B.,1
Milos Nymberg V.,1
Meakin S.,1
Funk S.,1
Jesser A.,1
Steinböck A.,1
Pammer B.,1
Ghorab T.,1
Weber M.,1
Schaffler Y.,1
Probst T.,1
Felnhofer A.,1
Kothgassner O.D.,1
Pieh C.,1
Humer E.,1
Day M.A.,1
Ciol M.A.,1
Mendoza M.E.,1
Borckardt J.,1
Ehde D.M.,1
Newman A.K.,1
Chan J.F.,1
Drever S.A.,1
Friedly J.L.,1
Burns J.,1
Thorn B.E.,1
Jensen M.P.,1
Orozco-Núñez E.,1
Ojeda-Arroyo E.,1
Cerecer-Ortiz N.,1
Guerrero-López C.M.,1
Ramírez-Pérez B.M.,1
Heredia-Pi I.,1
Allen-Leigh B.,1
Feeny E.,1
Serván-Mori E.,1
de Carvalho Matias E.G.,1
Bezerra K.S.,1
Costa A.H.L.,1
Clemente Junior W.S.,1
Oliveira J.I.N.,1
Ribeiro Junior L.A.,1
Galvão D.S.,1
Fulco U.L.,1
Silcox C.,1
Zimlichmann E.,1
Huber K.,1
Rowen N.,1
Saunders R.,1
McClellan M.,1
"Kahn C.N., III",1
Salzberg C.A.,1
Elshami M.,1
Jaber I.,1
Alser M.,1
Al-Slaibi I.,1
Jabr H.,1
Ubaiat S.,1
Tuffaha A.,1
Khader S.,1
Khraishi R.,1
Arafeh Z.A.,1
Al-Madhoun S.,1
Alqattaa A.,1
Yaseen A.,1
El Hadi A.A.,1
Barhoush O.,1
Hijazy M.,1
Eleyan T.,1
Alser A.,1
Hziema A.A.,1
Shatat A.,1
Almakhtoob F.,1
Mohamad B.,1
Farhat W.,1
Abuamra Y.,1
Mousa H.,1
Adawi R.,1
Musallam A.,1
Albarqi S.I.,1
Abu-El-Noor N.,1
Bottcher B.,1
Coulombe B.,1
Durcan T.M.,1
Bernard G.,1
Moursli A.,1
Poitras C.,1
Faubert D.,1
Pinard M.,1
Coudry R.A.,1
Assis E.A.C.P.,1
Frassetto F.P.,1
Jansen A.M.,1
da Silva L.M.,1
Parra-Medina R.,1
Saieg M.,1
Ong W.C.,1
Wong M.K.F.,1
Ng E.Y.K.,1
Koh T.,1
Chandramouli C.,1
Ng C.T.,1
Hummel Y.,1
Huang F.,1
Lam C.S.P.,1
Tromp J.,1
Vicentini C.,1
Bussolino R.,1
Gastaldo C.,1
Castagnotto M.,1
D’Ancona F.“.,1
Zotti C.M.,1
Ahmadinezhad G.S.,1
Karimi F.Z.,1
Abdollahi M.,1
NaviPour E.,1
Orellana M.,1
DSouza K.N.,1
Yap J.Q.,1
Sriganeshan A.,1
Jones M.E.,1
Johnson C.,1
Allyse M.,1
Venable S.,1
Stewart E.A.,1
Enders F.,1
Balls-Berry J.E.,1
Jouffroy R.,1
Djossou F.,1
Neviere R.,1
Jaber S.,1
Vivien B.,1
Heming N.,1
Gueye P.,1
Norouzkhani N.,1
Bahari A.,1
Shirvani J.S.,1
Eslami S.,1
Tabesh H.,1
Epland M.,1
Park J.,1
Sanchez R.J.,1
Roach P.,1
Ruzycki S.M.,1
Lithgow K.C.,1
McFadden C.R.,1
Chikwanha A.,1
Luong Q.X.T.,1
Hoang P.T.,1
Ayun R.Q.,1
Na K.,1
Park S.,1
Ho P.T.,1
Lee T.-K.,1
Lee S.,1
Consales A.,1
Toscano L.,1
Ceriotti C.,1
Tiraferri V.,1
Castaldi S.,1
Giannì M.L.,1
Kim D.-H.,1
Yun S.Y.,1
Yu H.S.,1
Ko H.-C.,1
Kim M.,1
Rio C.J.,1
Blumhorst C.,1
Kwiat C.A.,1
Nguyen C.M.,1
Livinski A.A.,1
Saligan L.N.,1
Mazza G.R.,1
Komatsu E.,1
Ponzio M.,1
Cortessis V.K.,1
Sasso E.B.,1
Elfios E.,1
Awoke N.,1
Kebede C.,1
Hassen A.,1
Alemu E.M.,1
Kaso A.W.,1
Obsie G.W.,1
Fessaha H.Z.,1
Agero G.,1
Molina J.D.,1
Muñoz-Ruiperez C.,1
Rodrigo Holgado I.,1
Juanes González A.,1
Combarro Ripoll C.E.,1
Rubio G.,1
Marou V.,1
Vardavas C.I.,1
Aslanoglou K.,1
Nikitara K.,1
Plyta Z.,1
Leonardi-Bee J.,1
Atkins K.,1
Condell O.,1
Lamb F.,1
Suk J.E.,1
Maris M.T.,1
Koçar A.,1
Willems D.L.,1
Pols J.,1
Tan H.L.,1
Lindinger G.L.,1
Bak M.A.R.,1
Dang V.N.,1
Cascarano A.,1
Mulder R.H.,1
Cecil C.,1
Zuluaga M.A.,1
Hernández-González J.,1
Lekadir K.,1
Kirbaş Z.Ö.,1
Odabaşi Aktaş E.,1
Özkan H.,1
KC S.,1
Gooden T.E.,1
Aryal D.,1
Koirala K.,1
Luitel S.,1
Haniffa R.,1
Beane A.,1
Gonçalves Lomardo P.,1
Nunes M.C.,1
Arriaga P.,1
Antunes L.A.,1
Machado A.,1
Quinelato V.,1
Aguiar T.R.D.S.,1
Casado P.L.,1
Yue L.-H.,1
Wang L.-Y.,1
Guo J.-L.,1
Li W.-L.,1
Zhang J.-W.,1
Kazemi A.,1
Azmoude E.,1
Zagami S.E.,1
Hooshmand E.,1
Taheri E.,1
Shoorab N.J.,1
Cevasco K.E.,1
Morrison Brown R.E.,1
Woldeselassie R.,1
Kaplan S.,1
Vallone F.,1
Zurlo M.C.,1
Meng M.,1
Hu J.,1
Tian M.,1
Lei W.,1
Liu E.,1
Abhyankar P.,1
Maxwell M.,1
Glette M.K.,1
Kringeland T.,1
Samal L.,1
Bose B.,1
Raub A.,1
Sprague A.,1
Martin A.,1
Bhuwania P.,1
Kidman R.,1
Heymann J.,1
Kent-Marvick J.,1
St. Clair S.L.,1
Bristol A.A.,1
Gibson B.,1
Simonsen S.E.,1
Vonken L.,1
de Bruijn G.-J.,1
Noordink A.,1
Kremers S.,1
Schneider F.,1
Bertelsen A.S.,1
Suetta C.,1
Rosenbek Minet L.,1
Andersen S.,1
Lauridsen J.T.,1
Pinsky M.R.,1
Bedoya A.,1
Bihorac A.,1
Celi L.,1
Churpek M.,1
Economou-Zavlanos N.J.,1
Elbers P.,1
Saria S.,1
Liu V.,1
Lyons P.G.,1
Shickel B.,1
Toral P.,1
Tscholl D.,1
Clermont G.,1
Muscogiuri G.,1
Kohler L.,1
Parra O.,1
Soltani L.,1
Spegman D.,1
Coletta D.,1
Mandarino L.J.,1
Wong B.,1
Ismail Z.,1
Watt J.,1
Goodarzi Z.,1
Berry L.,1
Alton J.,1
Powers J.,1
Llòria X.,1
Koulinska I.,1
McGee M.,1
Laney D.,1
Abbasian M.,1
Khatibi E.,1
Azimi I.,1
Oniani D.,1
Shakeri Hossein Abad Z.,1
Thieme A.,1
Sriram R.,1
Yang Z.,1
Lin B.,1
Gevaert O.,1
Li L.-J.,1
Jain R.,1
Rahmani A.M.,1
Nasrabadi A.N.,1
Joolaee S.,1
Navab E.,1
Esmaeili M.,1
Khalilabad T.H.,1
Shali M.,1
Dolatabadi Z.A.,1
Toor T.,1
Palyo S.,1
Schopmeyer K.,1
Simmons A.N.,1
Strigo I.A.,1
Younesi S.,1
Ghomian Z.,1
Hatami H.,1
Sharififar S.,1
Hadizadeh-Talasaz Z.,1
Firoozi M.,1
Khadivzadeh T.,1
Azizi H.,1
Mohammadzadeh Vatanchi A.,1
Su M.,1
Zhang T.,1
Fan X.,1
Mahmoud M.,1
Ballouz T.,1
Lahoud C.,1
Adnan J.,1
Habib P.A.,1
Saab R.,1
Hussein M.E.,1
Rizk N.,1
Nelson B.W.,1
Peiper N.C.,1
Forman-Hoffman V.L.,1
Pozdzik A.,1
Grillo V.,1
Sakhaee K.,1
Haresaku S.,1
Naito T.,1
Aoki H.,1
Miyoshi M.,1
Monji M.,1
Umezaki Y.,1
Miyazono M.,1
Egashira R.,1
Chishaki A.,1
Wu J.-J.,1
Zhang Q.-N.,1
Liao S.-S.,1
Li J.-H.,1
Zhang J.-D.,1
Huang J.-Z.,1
Peyman H.,1
Elizabeth E.,1
Dominik O.,1
Robert B.,1
Mahdieh N.,1
Heidari M.,1
Rezaei Z.,1
Tavasoli A.R.,1
Hosseinpour S.,1
Rasulinejad M.,1
Dehnavi A.Z.,1
Ghahvechi Akbari M.,1
Badv R.S.,1
Vafaei E.,1
Mohebbi A.,1
Mohammadi P.,1
Hosseiny S.M.M.,1
Azizimalamiri R.,1
Nikkhah A.,1
Pourbakhtyaran E.,1
Rohani M.,1
Khanbanha N.,1
Nikbakht S.,1
Movahedinia M.,1
Karimi P.,1
Ghabeli H.,1
Hosseini S.A.,1
Rashidi F.S.,1
Garshasbi M.,1
Kashani M.R.,1
Ghiasvand N.M.,1
Zuchner S.,1
Synofzik M.,1
Ashrafi M.R.,1
Balkrishna A.,1
Katiyar P.,1
Ghosh S.,1
Singh S.K.,1
Arya V.,1
Noel N.L.,1
Abrams J.,1
Mudafort E.R.,1
Babu A.,1
Forbes E.,1
Hill L.,1
Hill C.C.,1
Valbrun T.G.,1
Osian N.,1
Wise L.A.,1
Kuohung W.,1
Rahimi Esbo S.,1
Ghaffari F.,1
Fotokian Z.,1
Nikbakht H.-A.,1
Saadati K.,1
Lendino A.,1
Castellanos A.A.,1
Pigott D.M.,1
Han B.A.,1
Quan Y.,1
Gobezie M.Y.,1
Hassen M.,1
Tesfaye N.A.,1
Solomon T.,1
Demessie M.B.,1
Kassa T.D.,1
Wendie T.F.,1
Andualem A.,1
Alemayehu E.,1
Belayneh Y.M.,1
Park J.S.,1
Choi S.J.,1
Kim M.J.,1
Choi S.Y.,1
Kim H.Y.,1
Park Y.S.,1
Chung S.P.,1
Lee J.H.,1
Taqif H.,1
Adisso L.,1
Gomes Souza L.,1
Dofara S.G.,1
Ghio S.C.,1
Rivest L.-P.,1
Légaré F.,1
Kim P.C.,1
Tan L.-F.,1
Kreston J.,1
Shariatmadari H.,1
Keyoung E.S.,1
Shen J.J.,1
Wang B.-L.,1
Moe J.,1
Koh J.,1
Ma J.A.,1
Pei L.X.,1
MacLean E.,1
Keech J.,1
Maguire K.,1
Ronsley C.,1
Doyle-Waters M.M.,1
Brubacher J.R.,1
Moñivas Gallego E.,1
Zurita Castillo M.,1
Nordgren J.,1
Monwell B.,1
Johnson B.,1
Gunnarsson N.V.,1
Capusan A.J.,1
Ko E.,1
Choi Y.-J.,1
Kassie A.M.,1
Eakin E.,1
Abate B.B.,1
Schmidt-Mende K.,1
Arvinge C.,1
Cioffi G.,1
Gustafsson L.L.,1
Modig K.,1
Meyer A.C.,1
Abu-Lubad M.A.,1
Abu-Helalah M.A.,1
QawaQzeh M.S.,1
Alahmad E.F.,1
Al-Tamimi M.M.,1
Ruba’I M.K.,1
Etoom S.H.,1
Alfayoumi R.K.,1
Aldaoudeyeh F.E.,1
AlAbabneh E.A.,1
Al-kharabsheh A.M.,1
Alshraideh H.,1
Glover A.,1
Holman C.,1
Boise P.,1
Al-Halawani R.,1
Qassem M.,1
Kyriacou P.A.,1
Liang T.,1
Ma Y.,1
Remón J.,1
Shi B.,1
Motamedi M.,1
Degeling C.,1
M. Carter S.,1
Ding B.,1
Khoo C.M.J.,1
Dea E.Z.Q.,1
Law L.Y.,1
Wong S.S.T.,1
Ng K.Y.,1
Bakhtiar A.,1
Endirias E.E.,1
Laupichler M.C.,1
Aster A.,1
Meyerheim M.,1
Raupach T.,1
Mergen M.,1
Mehandru N.,1
Miao B.Y.,1
Almaraz E.R.,1
Sushil M.,1
Butte A.J.,1
Alaa A.,1
Mira J.J.,1
Matarredona V.,1
Tella S.,1
Ribeiro Neves V.,1
Strametz R.,1
López-Pineda A.,1
Lusendi F.M.,1
Vanherwegen A.-S.,1
Doggen K.,1
Nobels F.,1
Matricali G.A.,1
Murias Quintana E.,1
Rodríguez Castro J.,1
Sánchez Lasheras F.,1
Vega Villar J.,1
Curbelo García J.J.,1
Cadenas Rodríguez M.,1
Baladrón Romero J.,1
Regehr C.,1
Birze A.,1
Dolonbaeva Z.,1
Inthaphatha S.,1
Dzhangaziev B.,1
Ismailov M.,1
Nishino K.,1
Hamajima N.,1
Yamamoto E.,1
Darvishi E.,1
Osmani H.,1
Aghaei A.,1
Moloud E.A.,1
Washirasaksiri C.,1
Pakornnipat W.,1
Ariyakunaphan P.,1
Kositamongkol C.,1
Polmanee C.,1
Preechasuk L.,1
Jaiborisuttigull N.,1
Sitasuwan T.,1
Tinmanee R.,1
Pramyothin P.,1
Srivanichakorn W.,1
Cocco N.,1
Moazen B.,1
Rosello A.,1
D’Arcy J.,1
Plugge E.,1
Baglietto L.,1
Murauer E.,1
Stöver H.,1
Trattonikolas T.,1
Stylianou I.,1
Doltu S.,1
Busmachiu V.,1
Mavrou J.,1
Yiasemi I.,1
Barbiros I.,1
da Costa F.A.,1
Meroueh F.,1
Ranieri R.,1
Oftring Z.S.,1
Mehrtens D.M.,1
Mollin J.,1
Hamelmann E.,1
Gaus S.,1
Myklebust L.H.,1
Eide D.,1
Arnevik E.A.,1
Dadras O.,1
De Pirro S.,1
Ellefsen R.,1
Fadnes L.T.,1
Hesse M.,1
Kvamme T.L.,1
Melis F.,1
Oldervoll A.,1
Thylstrup B.,1
Wusthoff L.E.C.,1
Clausen T.,1
Kheradmand J.A.,1
Khankeh H.,1
Borujeni S.M.H.,1
Nasiri A.,1
Shahrestanki Y.A.,1
Ghanbari V.,1
Bazyar J.,1
Safarpour H.,1
Nazari S.,1
Muniei M.,1
Miressmaili S.S.,1
Deressa H.D.,1
Abuye H.,1
Adinew A.,1
Ali M.K.,1
Kebede T.,1
Habte B.M.,1
Choi Y.Y.,1
Kim Y.S.,1
Kim M.-H.,1
Lee N.,1
Yehualashet F.A.,1
Kessler D.,1
Bizuneh S.,1
Donnelly C.,1
Luo-Yng Tay K.,1
Cowan G.,1
Chatterji S.,1
Conti G.,1
Speirs V.,1
Boag W.,1
Hasan A.,1
Kim J.Y.,1
Revoir M.,1
Ratliff W.,1
Zilberstein S.,1
Samad Z.,1
Hoodbhoy Z.,1
Ali M.,1
Khan N.S.,1
Balu S.,1
Sendak M.,1
Lewis S.,1
Obadan-Udoh E.,1
Sundararajan V.,1
Sanchez G.A.,1
Howard R.,1
Chandrupatla S.,1
Worley D.,1
Cohen M.J.,1
Dressler R.L.,1
Kaliner E.,1
Jonasson J.M.,1
Galozy A.,1
Halling A.,1
Chaaban S.,1
Istvan M.,1
Schreck B.,1
Laigo P.,1
Rousselet M.,1
Grall-Bronnec M.,1
Pain S.,1
Victorri-Vigneau C.,1
Taborda J.C.M.,1
Guzmán J.C.M.,1
Higuita-Gutiérrez L.F.,1
Mun M.,1
Choi S.,1
Woo K.,1
Utalo D.,1
Israel E.,1
Lenjebo T.L.,1
Aynalem A.,1
Darebo T.D.,1
Piccoli L.,1
Perna R.,1
Meese K.A.,1
Boitet L.M.,1
Sweeney K.L.,1
Rogers D.A.,1
Al-Alshaikh H.A.,1
Prabu P.,1
Poonia R.C.,1
Saudagar A.K.J.,1
Yadav M.,1
AlSagri H.S.,1
AlSanad A.A.,1
Lindig A.,1
Heger S.,1
Zill J.M.,1
Deekshitha S.,1
Neelavara Makkithaya K.,1
Sajankila Nadumane S.,1
Hussain G.,1
Sankar Mal S.,1
Sundara B.K.,1
Pai P.,1
Mazumder N.,1
Khanpoor H.,1
Alizadeh A.,1
Khosravizadeh O.,1
Rafiei S.,1
Zewde H.K.,1
Raycheva R.,1
Kostadinov K.,1
Mitova E.,1
Iskrov G.,1
Stefanov G.,1
Vakevainen M.,1
Elomaa K.,1
Man Y.-S.,1
Gross E.,1
Zschüntzsch J.,1
Stefanov R.,1
Jones C.H.,1
Dolsten M.,1
Paramalingam A.,1
Ziesmann A.,1
Pirrie M.,1
Marzanek F.,1
Angeles R.,1
Agarwal G.,1
Murugesu L.,1
Fransen M.P.,1
Timmermans D.R.M.,1
Pieterse A.H.,1
Smets E.M.A.,1
Damman O.C.,1
Ahmed W.S.,1
Halboup A.M.,1
Alshargabi A.,1
Al-mohamadi A.,1
Al-Ashbat Y.K.,1
Al-Jamei S.,1
Zha F.,1
Liu F.,1
Wan L.,1
Long J.,1
Xue K.,1
Rizan C.,1
Sooro M.A.,1
Thoahlane T.S.,1
Ramathebane M.V.,1
Mputsoe K.A.,1
Rodriguez E.E.,1
Zaccarelli M.,1
Sterchele E.D.,1
Taccone F.S.,1
Worsfold M.E.,1
Hamer E.,1
Mohrsen S.A.,1
Jadzinski P.,1
Harper M.,1
Balikuddembe J.K.,1
Reinhardt J.D.,1
Vahid G.,1
Di B.,1
Chuah Y.Y.,1
Lee Y.Y.,1
Chou C.-K.,1
Chang L.-J.,1
Bi C.,1
Zhang C.,1
Yan Z.,1
Baye T.A.,1
Gebeyehu H.,1
Bekele M.,1
Abdelmenan S.,1
Ashengo T.A.,1
Mengistu B.,1
Girela-Lopez E.,1
Beltran-Aroca C.M.,1
Boceta-Osuna J.,1
Aguilera-Lopez D.,1
Gomez-Carranza A.,1
Lopez-Valero M.,1
Romero-Saldaña M.,1
Manirajan P.,1
Sivanandy P.,1
Ingle P.V.,1
Kothinti S.,1
Elhilali M.,1
Jairoun A.A.,1
Al-Hemyari S.S.,1
Shahwan M.,1
El-Dahiyat F.,1
Fontaine G.,1
Poitras M.-E.,1
Sasseville M.,1
Ouellet J.,1
Brahim L.O.,1
Wasserman S.,1
Bergeron F.,1
Lambert S.D.,1
Yıldız M.S.,1
Khan M.M.,1
Hennrich J.,1
Ritz E.,1
Hofmann P.,1
Urbach N.,1
Stroth L.C.,1
Jahns F.,1
Bode B.,1
Stender M.,1
Schmidt M.,1
Baschnegger H.,1
Epstein N.,1
Sandmeyer B.,1
Nau C.,1
Bune G.T.,1
Jarab A.S.,1
AL-Alawneh T.O.,1
Alshogran O.Y.,1
Heshmeh S.A.,1
Mukattash T.L.,1
Naser Y.A.,1
Alefishat E.,1
Hemo O.,1
Dotan A.,1
Shvero A.,1
Kleinmann N.,1
Dotan Z.A.,1
Zilberman D.E.,1
ter Meulen B.C.,1
Maas E.T.,1
van der Vegt R.,1
Haumann J.,1
Weinstein H.C.,1
Ostelo R.W.J.G.,1
van Dongen J.M.,1
Hall M.J.,1
D’Avanzo P.A.,1
Chertock Y.,1
Kelly P.J.A.,1
Brajuha J.,1
Singley K.,1
Luck C.C.,1
Bass S.B.,1
Simuyemba M.C.,1
Chama-Chiliba C.M.,1
Chompolola A.,1
Sinyangwe A.,1
Bchir A.,1
Asiimwe G.,1
Chibwesha C.,1
Masiye F.,1
Takougang I.,1
Lekeumo Cheuyem F.Z.,1
Ze B.R.S.,1
Tsamoh F.F.,1
Moneboulou H.M.,1
Baz S.A.,1
Islam M.T.,1
Bruce M.,1
Alam K.,1
Limsomwong P.,1
Ingviya T.,1
Fumaneeshoat O.,1
Smythe T.,1
Ssemata A.S.,1
Slivesteri S.,1
Mbazzi F.B.,1
Kuper H.,1
Wiles L.,1
Hibbert P.D.,1
Smith C.L.,1
Arnolda G.,1
Lake R.,1
Easpaig B.N.G.,1
Molloy C.,1
Middleton S.,1
Braithwaite J.,1
Hill K.,1
Turner T.,1
Guo Q.,1
Malden D.E.,1
McLaughlin J.M.,1
Hong V.,1
Lewnard J.,1
Ackerson B.K.,1
Puzniak L.,1
Kim J.S.,1
Takhar H.,1
Frankland T.B.,1
Slezak J.M.,1
Tartof S.Y.,1
Huang S.,1
Jing J.,1
Gu T.,1
Ou X.,1
Pan S.,1
Zhu Y.,1
Su X.,1
Marcotte L.M.,1
Langevin R.,1
Hempstead B.R.,1
Ganguly A.,1
Lyon A.R.,1
Weiner B.J.,1
Akinsoto N.,1
Houston P.L.,1
Fang V.,1
Hsieh G.,1
Ma J.,1
Bai B.,1
Fadiel A.,1
Eichenbaum K.D.,1
Abbasi M.,1
Lee N.K.,1
Odunsi K.,1
Kim T.,1
Jeon Y.J.,1
Kim T.H.,1
Park S.Y.,1
Kang D.,1
Hong Y.S.,1
Lee G.,1
Shin S.,1
Cho J.H.,1
Choi Y.S.,1
Cho J.,1
Zo J.I.,1
Shim Y.M.,1
Kim H.K.,1
Park H.Y.,1
Jutras-Aswad D.,1
Paquette J.,1
Saadi K.,1
Taguemout M.,1
Ikene D.-L.,1
Arbour N.,1
Zertal A.,1
Fréjeau N.,1
Morin D.,1
Ouellette J.-S.,1
Alami Marrouni K.,1
Duquette P.,1
Han C.,1
Min H.S.,1
Youn S.H.,1
Moon J.Y.,1
Lee Y.S.,1
Kim S.J.,1
Sung H.K.,1
Berentschot J.C.,1
de Ridder W.A.,1
Bek L.M.,1
Heijenbrok-Kal M.H.,1
Braunstahl G.-J.,1
Remerie S.C.,1
Stuip Y.,1
Ribbers G.M.,1
Aerts J.G.J.V.,1
Ista E.,1
Hellemons M.E.,1
van den Berg-Emons R.J.G.,1
Albitres-Flores L.,1
Perez-Leon S.,1
Bernabe-Ortiz A.,1
Tenorio-Mucha J.,1
Cardenas M.K.,1
Vetter B.,1
Safary E.,1
Gamboa R.,1
Cordova V.,1
Gupta R.,1
Moran A.,1
Beran D.,1
Lazo-Porras M.,1
Aguilar-Palacio I.,1
Obón-Azuara B.,1
Castel-Feced S.,1
Malo S.,1
Teresa J.,1
Rabanaque M.J.,1
Pithavadian R.,1
Dune T.,1
Chalmers J.,1
Dai L.,1
Ma C.,1
Jiang C.,1
Liao H.,1
Moeinnia H.,1
Agron D.J.,1
Ganzert C.,1
Schubert L.,1
Kim W.S.,1
Ahmad S.,1
Adichwal N.K.,1
Aamir M.,1
Shabbir J.,1
Alsadat N.,1
Elgarhy M.,1
Ahmad H.,1
Ngomtcho S.C.H.,1
Njike Ngo Biyong O.,1
Ekwere T.A.,1
Wandji Takemegni J.M.,1
Mbah H.,1
Makamdoum Bogne S.M.,1
Nkengkanna O.A.,1
Fouamno Kamga H.L.,1
Yildiz B.,1
van der Heide A.,1
Bakan M.,1
Iversen G.S.,1
Haugen D.F.,1
McGlinchey T.,1
Smeding R.,1
Ellershaw J.,1
Fischer C.,1
Vibora-Martin E.,1
Ruiz-Torreras I.,1
Goossensen A.,1
O’Neill S.F.D.,1
Nim C.,1
Leboeuf-Yde C.,1
Liau Z.Q.G.,1
Tan K.L.M.,1
Chua W.L.,1
Kuri A.,1
Henshall D.E.,1
Chaudhry D.,1
Ooi S.Z.Y.,1
Zhang Q.,1
Mathews J.,1
Thomson A.,1
Rog D.,1
Hobart J.,1
Baxter H.,1
Bearne L.,1
Stone T.,1
Thomas C.,1
Redwood S.,1
Purdy S.,1
Huntley A.L.,1
Wang H.-Y.,1
Tsai S.-C.,1
Lin Y.-C.,1
Hou J.-U.,1
Chao C.-H.,1
Kulkarni C.,1
Quraishi A.,1
Raparthi M.,1
Shabaz M.,1
Khan M.A.,1
Varma R.A.,1
Keshta I.,1
Soni M.,1
Byeon H.,1
van Houten M.E.,1
Vloet L.C.M.,1
Rikkert M.G.M.O.,1
van de Kerkhof-van Bon B.,1
de Rooij A.,1
Verhoeven M.,1
Bil W.M.E.,1
Lucke J.A.,1
Schoon Y.,1
Berben S.A.A.,1
Nisim U.,1
Zlotnick C.,1
Roe D.,1
Gelkopf M.,1
Shadmi E.,1
Naznin F.,1
Hazarika I.,1
Laskar D.,1
Mahanta A.K.,1
Hubeishy M.H.,1
Rossen C.B.,1
Dannapfel P.,1
Thomas K.,1
Jensen T.S.,1
Maribo T.,1
Rolving N.,1
Yoo H.J.,1
Kim E.H.,1
Habte A.,1
Hailegebreal S.,1
Simegn A.E.,1
Kulhánová I.,1
Lustigová M.,1
Drbohlav D.,1
Leontiyeva Y.,1
Dzúrová D.,1
Izadi M.,1
Seiti H.,1
Ortiz-Barrios M.,1
Petrillo A.,1
Arias-Fonseca S.,1
McClean S.,1
de Felice F.,1
Nugent C.,1
Uribe-López S.-A.,1
Tassie E.,1
Langham J.,1
Gurol-Urganci I.,1
van der Meulen J.,1
Howard L.M.,1
Pasupathy D.,1
Sharp H.,1
Davey A.,1
O’Mahen H.,1
Heslin M.,1
Byford S.,1
Kasahun A.E.,1
Sendekie A.K.,1
Mitku M.L.,1
Workye M.,1
Nelson K.,1
Jackson A.M.,1
Nguyen C.J.,1
Muller C.,1
MacLehose R.F.,1
Manson S.M.,1
Dillard D.A.,1
Buchwald D.,1
Montoya I.D.,1
Aldridge A.,1
Ryan D.,1
Murphy S.M.,1
Amuchi B.,1
McCollister K.E.,1
Schackman B.R.,1
Bush J.L.,1
Speer D.,1
Harlow K.,1
Orme S.,1
Zarkin G.A.,1
Castry M.,1
Seiber E.E.,1
Linas B.P.,1
Starbird L.E.,1
Kawabata T.,1
Sekiya R.,1
Goto S.,1
Li T.-S.,1
Dalugodage S.S.,1
Bowatte G.,1
Antonypillai C.,1
Rajapakse S.,1
Tennakoon T.M.I.U.K.,1
Bağcı Ş.,1
Erden Ş.,1
Yengel B.,1
Bai Y.,1
Chiang J.-Y.,1
Mou Z.,1
van de Riet L.,1
Aris A.M.,1
Verouden N.W.,1
van Rooij T.,1
van Woensel J.B.M.,1
van Karnebeek C.D.,1
Alsem M.W.,1
Dong Z.,1
Gao J.,1
Guan F.,1
Tan Z.,1
Gu S.,1
Gu H.,1
Xu B.,1
Khan M.N.,1
Alam M.B.,1
Chowdhury A.R.,1
Kabir M.A.,1
Khan M.M.A.,1
Tesfay W.,1
Abay M.,1
Teklehaimanot B.F.,1
Mehdipour chari K.,1
Enderami S.E.,1
Mansour R.N.,1
Hasanzadeh E.,1
Amini Mahabadi J.,1
Abazari M.,1
Asadi P.,1
Hojjat A.,1
Lee J.K.,1
Mitchell P.J.,1
Ang S.B.,1
Mercado-Asis L.B.,1
Rey-Matias R.,1
Flicker L.,1
Leung E.,1
Choon D.,1
Chandrasekaran S.K.,1
Close J.C.T.,1
Seymour H.,1
Cooper C.,1
Halbout P.,1
Blank R.D.,1
Zhao Y.,1
Malhotra R.,1
Unnanuntana A.,1
Woo Y.L.,1
Noor Z.,1
Yang R.-S.,1
Tabu I.,1
Islam S.S.,1
Chinoy M.A.,1
Pande S.,1
Thapa B.,1
Wong R.M.Y.,1
Pande K.,1
Chan D.-C.,1
Du J.,1
Zou L.,1
Melis R.,1
Braca A.,1
Pagnozzi D.,1
Anedda R.,1
Burananayok S.,1
Nachatri W.,1
Choothanorm P.,1
Kusolthammarat K.,1
Jaruthamsophon K.,1
Yodsawad C.,1
Limsakul P.,1
Charupanit K.,1
Biondo P.,1
Slobogian V.,1
Shirt L.,1
King S.,1
Paolucci A.,1
Pabani A.,1
Hao D.,1
Bossio E.,1
Cross R.,1
Monds T.,1
Nieuwenhuis J.,1
Sinnarajah A.,1
Biringer A.,1
Morson N.,1
Walji S.,1
Tregaskiss N.,1
Merritt S.,1
Makuwaza T.,1
Forte M.,1
Forse R.,1
Yoshino C.A.,1
Nguyen T.T.,1
Phan T.H.Y.,1
Nguyen L.,1
Hoang C.,1
Basu L.,1
Pham M.,1
Van Dinh L.,1
Caws M.,1
Wingfield T.,1
Sidney-Annerstedt K.,1
Weber V.,1
Hübner A.,1
Pflock S.,1
Schamberger L.,1
Somasundaram R.,1
Boehm L.,1
Bauer W.,1
Diehl-Wiesenecker E.,1
Karanja P.W.,1
Mulaku M.N.,1
Ochodo E.A.,1
Arendse K.D.,1
Walker C.,1
Pfaff C.,1
Lebelo K.,1
Cassidy T.,1
Isaakidis P.,1
von der Heyden E.,1
Abdullah F.,1
Ellman T.,1
Katz I.T.,1
Euvrard J.,1
Keene C.M.,1
Wright D.N.,1
Züchner M.,1
Annavini E.,1
Escalona M.J.,1
Hammerlund Teige L.,1
Whist Tvedt L.G.,1
Lervik A.,1
Haga H.A.,1
Guiho T.,1
Clausen I.,1
Glott T.,1
Boulland J.-L.,1
Carmo M.,1
Muñiz A.,1
Pascual J.,1
Hager A.-G.M.,1
Mathieu N.,1
Carrard S.,1
Bridel A.,1
Wapp C.,1
Hilfiker R.,1
Elhabashy S.,1
Moriyama M.,1
Mahmoud E.I.E.-D.,1
Eysa B.,1
Quaidoo T.G.,1
Adu B.,1
Iddrisu M.,1
Osei-Tutu F.,1
Baaba C.,1
Quiadoo Y.,1
Poku C.A.,1
Duś-Ilnicka I.,1
Paradowska-Stolarz A.,1
Mazur M.,1
Radwan-Oczko M.,1
Perra A.,1
Paula V.S.D.,1
Ward L.S.,1
Valente N.A.,1
Firkova E.,1
Karteva T.,1
Jorda L.M.,1
Sousa Gomes P.D.,1
Dominiak M.,1
Zhao B.-Y.,1
Chen T.-T.,1
Wang X.-J.,1
Huang S.-X.,1
Hu R.-F.,1
Taladay-Carter C.,1
Torsello M.,1
Sicuranza L.,1
Meucci D.,1
Salvati A.,1
Tropiano M.L.,1
Santarsiero S.,1
Calabrese C.,1
D’Onghia A.,1
Trozzi M.,1
Lan L.,1
Li G.,1
Mehmood M.S.,1
Xu T.,1
Nie Q.,1
Malmgren J.,1
Lundin S.,1
Waldenström A.-C.,1
Rylander C.,1
Johannesson E.,1
Cusworth S.,1
Gkoutos G.V.,1
Acharjee A.,1
Cho K.A.,1
Seo Y.H.,1
Hertz J.T.,1
Sakita F.M.,1
Prattipati S.,1
Coaxum L.,1
Tarimo T.G.,1
Kweka G.L.,1
Mlangi J.J.,1
Stark K.,1
Thielman N.M.,1
Bosworth H.B.,1
Bettger J.P.,1
Allam S.M.E.,1
Algany M.M.A.,1
Khider Y.I.A.,1
Dietz E.,1
Pritchard E.,1
Pouwels K.,1
Ehsaan M.,1
Blake J.,1
Gaughan C.,1
Haduli E.,1
Boothe H.,1
Vihta K.-D.,1
Peto T.,1
Stoesser N.,1
Matthews P.,1
Taylor N.,1
Diamond I.,1
Studley R.,1
Rourke E.,1
Birrell P.,1
De Angelis D.,1
Fowler T.,1
Eyre D.,1
House T.,1
Walker A.S.,1
Lee K.,1
Kim J.-H.,1
Hong H.,1
Jeong Y.,1
Ryu H.,1
Kim H.,1
Lee S.-U.,1
Aboelnaga N.,1
Elsayed S.W.,1
Abdelsalam N.A.,1
Salem S.,1
Saif N.A.,1
Elsayed M.,1
Ayman S.,1
Nasr M.,1
Elhadidy M.,1
Hourigan D.,1
Stefanovic E.,1
Hill C.,1
Ross R.P.,1
Gebremichael M.A.,1
Lema T.B.,1
Tien Y.-H.,1
Zerr B.A.,1
Kruse J.M.,1
Glover J.J.,1
Kaddoura R.,1
Elbejjani M.,1
Mahfoud Z.R.,1
Salameh P.,1
Mirza F.,1
Charafeddine L.,1
Dovizio M.,1
Veronesi C.,1
Bartolini F.,1
Cavaliere A.,1
Grego S.,1
Pagliaro R.,1
Procacci C.,1
Ubertazzo L.,1
Bertizzolo L.,1
Muzii B.,1
Parisi S.,1
Perrone V.,1
Baraldi E.,1
Bozzola E.,1
Mosca F.,1
Esposti L.D.,1
Quayle E.,1
Larkin A.,1
Schwannauer M.,1
Varese F.,1
Cartwright K.,1
Chitsabesan P.,1
Green V.,1
Radford G.,1
Richards C.,1
Shafi S.,1
Whelan P.,1
Chan C.,1
Hewins W.,1
Newton A.,1
Niebauer E.,1
Sandys M.,1
Ward J.,1
Dimnjaković J.,1
Buble T.,1
Ivanko P.,1
Pristaš I.,1
Brborović O.,1
Brborović H.,1
Jönsson L.,1
Regnier S.A.,1
Talon B.,1
Kymes S.,1
Chambers-Lewis M.L.,1
Carleo B.,1
Qualls D.J.,1
Memedovich A.,1
Asante B.,1
Khan M.,1
Eze N.,1
Holroyd B.R.,1
Lang E.,1
Kashuba S.,1
Mengist B.,1
Semahegn A.,1
Yibabie S.,1
Amsalu B.,1
Tura A.K.,1
King W.M.,1
Gamarel K.E.,1
Fleischer N.L.,1
Radix A.E.,1
Poteat T.C.,1
Chatters L.M.,1
Operario D.,1
Reisner S.L.,1
Wirtz A.L.,1
Sommer D.,1
Schmidbauer L.,1
Wahl F.,1
Wolever R.Q.,1
Cline T.R.,1
Weiss J.M.,1
Carmack S.,1
Schultz C.,1
Arloski M.,1
Lawson K.,1
Gong Y.,1
Yan X.,1
Cai S.,1
van der Linden R.R.,1
Schermer M.H.N.,1
Moore J.D.,1
Lords A.M.,1
Casanova M.P.,1
Reeves A.J.,1
Lima A.,1
Wilkinson C.,1
Deming S.M.,1
Baker R.T.,1
Murray R.,1
Magendran E.,1
Chander N.,1
O’Neill M.,1
Devane D.,1
Smith S.M.,1
Mahtani K.,1
Ryan M.,1
Clyne B.,1
Sharp M.K.,1
Hoteit R.,1
Hassoun A.,1
Bou Sanayeh E.,1
Saade M.C.,1
Honein-AbouHaidar G.,1
Akl E.A.,1
Mahgoub E.A.A.,1
Khairy A.,1
Osman S.,1
Haga M.B.,1
Osman S.H.M.,1
Abbu Hassan A.M.,1
Kamal H.,1
Babiker A.,1
Yan B.,1
Liu B.,1
Ceccarelli L.,1
Moretti G.,1
Corazza I.,1
Lucenteforte E.,1
Vainieri M.,1
Seghieri C.,1
Kihlgren A.,1
Lammgård T.,1
Pejner M.N.,1
Svensson F.,1
Adolfsson A.-S.,1
Lindner H.,1
Piret E.M.,1
Milloy M.-J.,1
Voon P.,1
DeBeck K.,1
Hayashi K.,1
Kerr T.,1
Jonsdottir S.L.,1
Saemundsen E.,1
Thorarinsdottir E.A.,1
Rafnsson V.,1
Bourke J.A.,1
Jerram K.A.S.,1
Arora M.,1
Craig A.,1
Middleton J.W.,1
Eerdekens R.,1
Kats S.,1
Grutters J.P.C.,1
Green M.,1
Shore J.,1
Candolfi P.,1
Oortwijn W.,1
Harst P.V.D.,1
Tonino P.,1
Babu S.V.,1
Ramya P.,1
Gracewell J.,1
Makwana M.N.,1
Shekhda H.J.,1
Rupani M.P.,1
Deng Q.,1
Alvis-Guzman N.,1
Romero M.,1
Salcedo-Mejia F.,1
Carrasquilla-Sotomayor M.,1
Gomez L.,1
Rojas M.M.,1
Urrego J.C.,1
Beltrán C.C.,1
Ruíz J.E.,1
Velásquez A.,1
Orengo J.C.,1
Pinzón A.,1
Hinkes S.,1
Kobetz E.,1
Rinehart S.,1
Siringo N.,1
Barnett R.,1
Godbole N.,1
Jeanty F.,1
Frederick M.,1
yadalam P.K.,1
Arumuganainar D.,1
Ronsivalle V.,1
Di Blasio M.,1
Badnjevic A.,1
Marrapodi M.M.,1
Cervino G.,1
Minervini G.,1
Ogut E.,1
van Klaveren L.-M.,1
Geukers V.,1
de Vos R.,1
Fernandez S.B.,1
Beach M.C.,1
Ward M.K.,1
Jean-Gilles M.,1
Ibañez G.,1
Ladner R.,1
Trepka M.J.,1
Zhai R.N.,1
Wen J.X.,1
Sun H.,1
Cheng W.,1
Jin C.,1
Tan R.,1
Kawaja A.,1
Ooi S.P.,1
Ng C.J.,1
Lood Q.,1
Carlström E.,1
Klinga C.,1
Barenfeld E.,1
Guzman L.E.,1
Ayalasomayajula S.,1
Albanese A.,1
Dunklee B.,1
Harvey M.,1
Bouchard K.,1
Vadiveloo M.,1
Yaroch A.L.,1
Scott K.,1
Tovar A.,1
Keegan G.,1
Zhu M.,1
Paz M.,1
Kang H.,1
Baig A.A.,1
Limaye R.J.,1
Singh P.,1
Fesshaye B.,1
Karron R.A.,1
Thomsen H.S.,1
Jørgensen B.E.,1
Kynde Schøtz J.,1
Bech L.M.,1
Grønkjær L.L.,1
Williams N.J.,1
Ehrhart M.G.,1
Aarons G.A.,1
Esp S.,1
Sklar M.,1
Carandang K.,1
Vega N.R.,1
Brookman-Frazee L.,1
Marcus S.C.,1
Varaei S.,1
Nayeri N.D.,1
Sayadi L.,1
Shahmari M.,1
Ghobadi A.,1
Wandera S.O.,1
Golaz V.,1
Kwagala B.,1
Ntozi J.P.M.,1
Ayuku D.O.,1
Getahun M.S.,1
Gurara A.M.,1
Bekele N.T.,1
Kumbi M.M.,1
Aboye I.B.,1
Zeleke M.D.,1
Leta M.D.,1
Kebede Y.T.,1
Fikreyesus Yami M.,1
Negussie Y.M.,1
Lyu Y.,1
Xu Q.,1
Matsubara Y.,1
Hirohata A.,1
Hayashi A.,1
Mizuno K.,1
Shinkawa K.,1
Sakoda K.,1
Yoshida S.,1
Takeuchi M.,1
Yanagita M.,1
Kawakami K.,1
Cockshott Z.,1
Russell S.,1
Stocker R.,1
Knight J.,1
Hanratty B.,1
Preston N.,1
Camard L.,1
Liard R.,1
Duverne S.,1
Ibanez G.,1
Skendi M.,1
Schmachtenberg T.,1
Königs G.,1
Roder S.,1
Müller F.,1
Müllenmeister C.,1
Schröder D.,1
El-Sayed I.,1
Mwakawanga D.L.,1
Massae A.F.,1
Kohli N.,1
Lukumay G.G.,1
Rohloff C.T.,1
Mushy S.E.,1
Mgopa L.R.,1
Mkoka D.A.,1
Mkonyi E.,1
Trent M.,1
Ross M.W.,1
Rosser B.R.S.,1
Connor J.,1
Amini E.,1
Etemadi M.,1
Shahabi S.,1
Barth C.A.,1
Honarmandi F.,1
Karami Rad M.,1
Lankarani K.B.,1
Bekele B.T.,1
Berhe T.T.,1
Wotango B.Y.,1
Workneh W.M.,1
Wendwessen N.,1
Nigatu F.,1
El-Shiekh R.A.,1
Elshimy R.,1
Mandour A.A.,1
Kassem H.A.H.,1
Khaleel A.E.,1
Alseekh S.,1
Fernie A.R.,1
Salem M.A.,1
Eames D.,1
Thomas S.,1
Norman K.,1
Simanton E.,1
Weisman A.,1
Pei T.,1
Han J.,1
Yang J.,1
Plesons M.,1
Alonso E.,1
Metsch L.R.,1
Feaster D.J.,1
Ucha J.,1
"Suarez E., Jr.",1
Forrest D.W.,1
Chueng T.A.,1
Brooks J.,1
Smith J.D.,1
DeMaria A.L.,1
Martinez R.,1
Otten E.,1
Schnolis E.,1
Hrubiak S.,1
Frank J.,1
Cromer R.,1
Ruiz Y.,1
Rodriguez N.M.,1
Nithya R.,1
Kokilavani T.,1
Beena T.L.A.,1
Yin Z.,1
Jia X.,1
Yang X.,1
Guo W.,1
Du S.,1
Si F.,1
Albanesi B.,1
Conti A.,1
Politano G.,1
Dimonte V.,1
Gianino M.M.,1
Campagna S.,1
da Cunha Agostini L.,1
de Paula W.,1
Melo A.S.,1
Silva N.N.T.,1
Faria Lopes A.C.,1
de Almeida Belo V.,1
Coura-Vital W.,1
de Medeiros Teixeira L.F.,1
Lima A.A.,1
da Silva G.N.,1
Rocha H.A.L.,1
Solha E.Z.M.,1
Furtado V.,1
Justino F.L.,1
Barreto L.A.L.,1
da Silva R.G.,1
de Oliveira Í.M.,1
de Góes Cavalcanti L.P.,1
Lima Neto A.S.,1
de Oliveira E.A.,1
Unger M.,1
Kather J.N.,1
To-Mai X.-H.,1
Nguyen H.-T.,1
Nguyen-Thi T.-T.,1
Nguyen T.-V.,1
Nguyen-Thi M.-N.,1
Thai K.-Q.,1
Lai M.-T.,1
Nguyen T.-A.,1
Wiik A.B.,1
Doupe M.B.,1
Bakken M.S.,1
Kittang B.R.,1
Jacobsen F.F.,1
Førland O.,1
Ballaram S.,1
Perumal-Pillay V.,1
Suleman F.,1
Krstic S.,1
Dennis S.,1
Southcombe F.,1
Denney-Wilson E.,1
Hyatt A.,1
Wood W.,1
Aston R.,1
Cockwill J.,1
Galetakis S.,1
Saleem A.,1
Khan A.M.,1
Dhanani R.,1
Wasif M.,1
Ikram M.,1
Shabbir R.,1
Qiu W.,1
Wu C.,1
Qiu X.,1
Mushi D.,1
Hanlon C.,1
Moshiro C.,1
Francis J.M.,1
Feyasa M.B.,1
Teferra S.,1
Kobryn M.,1
Duplaga M.,1
Yu Z.-H.,1
Du M.-M.,1
Suo J.-J.,1
Zeng T.,1
Xie X.-L.,1
Lu Q.-B.,1
Liu Y.-X.,1
Yao H.-W.,1
Alkhaddo J.,1
Rung J.M.,1
Khowaja A.,1
Yin Y.,1
Richards S.B.,1
Drury-Gworek C.,1
Afreen S.,1
Rossi C.,1
Manzi S.,1
Telles V.M.,1
Rodriguez S.,1
Torres M.,1
Schneider J.,1
Haughton J.,1
Maldonado M.,1
Arredondo E.,1
Arjmandnia F.,1
Alimohammadi E.,1
Cadmus S.,1
Akinseye V.,1
Besong M.,1
Olanipekun T.,1
Fadele J.,1
Cadmus E.,1
Ansumana R.,1
Oluwayelu D.,1
Odemuyiwa S.O.,1
Tomori O.,1
Vivekrabinson K.,1
Ragavan K.,1
Jothi Thilaga P.,1
Bharath Singh J.,1
Yue H.,1
Huang Q.,1
Shi P.,1
Moallemi E.A.,1
Ma Q.,1
Bryan B.A.,1
Walid R.,1
Joshi K.P.,1
Choi S.G.,1
Mahdiani H.,1
Münch N.,1
Paul N.W.,1
Marino P.,1
Gidding-Slok A.H.M.,1
Al-Balas M.,1
Al-Balas H.,1
AlAmer Z.,1
Al-Taweel G.,1
Ghabboun A.,1
Al Bzoor F.,1
Abumkarab S.,1
Bakr T.A.,1
Eleiwat B.,1
Zeraatkhah H.,1
Alavi N.M.,1
Ziabakhsh H.,1
Mahdaviasl Z.,1
Möckli N.,1
Simon M.,1
Denhaerynck K.,1
Trutschel D.,1
Martins T.,1
Meyer-Massetti C.,1
Zúñiga F.,1
Dieckmann P.,1
Nirula L.,1
Reddy S.,1
Bhargav M.,1
Conde S.,1
Ferrer M.,1
Flygare O.,1
Kizilaslan B.,1
Latorre Moreno L.,1
Leis A.,1
Mayer M.A.,1
Pérez-Sola V.,1
Portillo-Van Diest A.,1
Ramírez-Anguita J.M.,1
Sanz F.,1
Mehlum L.,1
Arensman E.,1
Bjureberg J.,1
Pastor M.,1
Mehler-Klamt A.C.,1
Huber J.,1
Koestler N.,1
Warmbein A.,1
Rathgeber I.,1
Fischer U.,1
Eberl I.,1
Fullaondo A.,1
Erreguerena I.,1
Keenoy E.D.M.,1
Manoharan A.,1
Harris M.M.,1
Chin B.H.,1
Ming K.W.,1
Asmuee Z.,1
Salamon N.,1
Pefer J.,1
Radhiyah H.,1
Hamimmah M.N.,1
Goldstein S.,1
Sreeramareddy C.T.,1
Ahmed F.,1
Shafer L.,1
Malla P.,1
Hopkins R.,1
Moreland S.,1
Zviedrite N.,1
Uzicanin A.,1
Quist A.J.L.,1
Hovav A.,1
Silverman A.D.,1
Shamasunder B.,1
Johnston J.E.,1
Nanninga E.K.,1
Menting M.D.,1
van der Hijden E.J.E.,1
Portrait F.R.M.,1
Furness A.,1
Fair F.,1
Higginbottom G.,1
Oddie S.,1
Soltani H.,1
Shirai C.,1
Nonaka D.,1
Kobayashi J.,1
Nsubuga M.,1
Galiwango R.,1
Jjingo D.,1
Mboowa G.,1
Amuka E.,1
Mitiku A.A.,1
Zeru M.A.,1
Ivanova D.,1
Field J.,1
Bishop F.L.,1
Chaudhry M.,1
Kumar M.,1
Singhal V.,1
Srinivasan B.,1
Kletter M.,1
Harris B.,1
Connolly E.,1
Namathanga C.,1
Nhlema B.,1
Makungwa H.,1
Chabwera B.,1
Phiri B.,1
Brown C.,1
Katsoulakis E.,1
Shahriyari L.,1
Fletcher R.,1
Achenie L.,1
Liu H.,1
Jackson P.,1
Syeda-Mahmood T.,1
Tuli R.,1
Deng J.,1
Keicher F.,1
Zirkel J.,1
Leutritz T.,1
König S.,1
Charnley G.E.C.,1
Green N.,1
Kelman I.,1
Malembaka E.B.,1
Gaythorpe K.A.M.,1
Iloson C.,1
Praetorius Björk M.,1
Möller A.,1
Sundfeldt K.,1
Bernhardsson S.,1
D’Souza K.,1
Westgard C.M.,1
Barnhardt S.,1
Levi H.,1
Givaty G.,1
Ovadia Y.S.,1
Alon Y.,1
Saban M.,1
Lalande E.,1
Clarke H.,1
Undurraga M.,1
Nguyen V.Q.H.,1
Jaksic C.,1
Goffin F.,1
Arbyn M.,1
Jeronimo J.,1
Tille J.-C.,1
Saiji E.,1
Vassilakos P.,1
Petignat P.,1
Jønsson A.B.R.,1
Brodersen J.B.,1
Reventlow S.,1
Svanholm C.,1
Kousgaard M.B.,1
Badri R.,1
Dawood I.,1
Heidkamp P.,1
Hiltrop K.,1
Breidenbach C.,1
Kowalski C.,1
Geiser F.,1
Ernstmann N.,1
Rosário J.,1
Raposo B.,1
Santos E.,1
Dias S.,1
Pedro A.R.,1
Hashempour R.,1
MirHashemi S.,1
Mollajafari F.,1
Damiri S.,1
ArabAhmadi A.,1
Raei B.,1
Tran P.B.,1
Nikolaidis G.F.,1
Abatih E.,1
Bos P.,1
Berete F.,1
Gorasso V.,1
Van der Heyden J.,1
Kazibwe J.,1
Tomeny E.M.,1
Van Hal G.,1
van Olmen J.,1
Melones-Herrero J.,1
Alcalá S.,1
Ruiz-Cañas L.,1
Benítez-Buelga C.,1
Batres-Ramos S.,1
Calés C.,1
Lorenzo O.,1
Perona R.,1
Quiroga A.G.,1
"Sainz B., Jr.",1
Sánchez-Pérez I.,1
Geng Y.,1
Zou H.,1
Forse R.J.,1
Wiemers A.M.C.,1
Huynh H.B.,1
Dong T.T.T.,1
Phan Y.T.H.,1
Creswell J.,1
Dang T.M.H.,1
Nguyen L.H.,1
Shedrawy J.,1
Nguyen T.D.,1
Dinh L.V.,1
Annerstedt K.S.,1
Srichalerm T.,1
Jacelon C.S.,1
Sibeko L.,1
Granger J.,1
Briere C.-E.,1
Sabherwal A.K.,1
Sood A.,1
Shah M.A.,1
Kuczawski M.,1
Ablard S.,1
Sampson F.,1
Croft S.,1
Sutton-Klein J.,1
Demem K.,1
Tesfahun E.,1
Nigussie F.,1
Shibabaw A.T.,1
Ayenew T.,1
Messelu M.A.,1
Laffont-Lozes P.,1
Larcher R.,1
Salipante F.,1
Leguelinel-Blache G.,1
Dunyach-Remy C.,1
Lavigne J.-P.,1
Sotto A.,1
Loubet P.,1
Nan S.N.,1
Wittayachamnankul B.,1
Wongtanasarasin W.,1
Tangsuwanaruk T.,1
Sutham K.,1
Thinnukool O.,1
Holstad Y.,1
Lindqvist M.,1
Westergren A.,1
Poromaa I.S.,1
Christersson C.,1
Dellborg M.,1
Trzebiatowska-Krzynska A.,1
Sörensson P.,1
Thilén U.,1
Wikström A.-K.,1
Bay A.,1
Nengnong C.B.,1
Passah M.,1
Wilson M.L.,1
Bellotti E.,1
Kessler A.,1
Marak B.R.,1
Carlton J.M.,1
Sarkar R.,1
Albert S.,1
Dey D.,1
Katso B.,1
Baah A.,1
Isaaka S.,1
Amoako E.,1
Brückner T.Y.,1
Heemelaar S.,1
Endjala T.,1
van den Akker T.,1
Johansen L.,1
O’Hare F.,1
Shepard E.R.,1
Ayton L.N.,1
Pelenstov L.J.,1
Kearns L.S.,1
Galvin K.L.,1
Joseph A.O.,1
Akinsete A.M.,1
Ajose A.O.,1
Oladipo A.T.,1
Maliki A.,1
Akindele K.,1
Mangongolo M.,1
Adeneye S.,1
Ngwa W.,1
Sulaiman N.,1
Shorbagi S.,1
Guraya S.Y.,1
Ara G.,1
Fawad B.,1
Shabbir S.,1
Fassi C.F.,1
Mourajid Y.,1
Azilagbetor D.M.,1
Sabri A.,1
Hilali A.,1
Ahmad S.Z.,1
Ivers N.,1
Zenlea I.,1
Parsons J.A.,1
Shah B.R.,1
Mukerji G.,1
Punthakee Z.,1
Shulman R.,1
Young F.,1
Hameed M.,1
Hooker L.,1
Taft A.,1
Hegarty K.,1
Arvidsson I.,1
Strandberg O.,1
Palmqvist S.,1
Stomrud E.,1
Cullen N.,1
Janelidze S.,1
Tideman P.,1
Heyden A.,1
Åström K.,1
Hansson O.,1
Mattsson-Carlgren N.,1
Yan R.,1
Zhen Y.,1
Liang Y.,1
Min S.,1
Boris P.,1
Kovács K.E.,1
Nagy B.E.,1
Bala I.,1
Kelly T.-L.,1
Stanford T.,1
Gillam M.H.,1
Mitchell L.,1
Calabrò G.E.,1
Rumi F.,1
Ricciardi R.,1
Cicchetti A.,1
Tamanna S.S.,1
Paul K.D.,1
Al Banna M.H.,1
Zannat Z.,1
Paul A.K.,1
Sultana S.,1
Alshahrani N.Z.,1
Talukder S.,1
Hassan M.N.,1
Ceular-Villamandos N.,1
Navajas-Romero V.,1
del Rio L.C.Y.L.,1
Vazquez-Garcia M.J.,1
Brown E.A.,1
Jones R.,1
Lu J.,1
Bahani M.,1
Ding G.,1
Zhou L.,1
Ding H.,1
Servadio M.,1
Finocchietti M.,1
Vassallo C.,1
Cipelli R.,1
Heiman F.,1
Di Lucchio G.,1
Oresta B.,1
Belleudi V.,1
Boone-Heinonen J.,1
Lyon-Scott K.,1
Springer R.,1
Schmidt T.,1
Vesco K.K.,1
Booman A.,1
Dinh D.,1
Fortmann S.P.,1
Foster B.A.,1
Hauschildt J.,1
Liu S.,1
O’Malley J.,1
Palma A.,1
Snowden J.M.,1
Stratton K.,1
Tran S.,1
Hosseinpour A.,1
Keshmiri F.,1
Abera A.,1
Ayele A.,1
Gudina D.,1
Firdisa D.,1
Korona-Bailey J.,1
Janvrin M.L.,1
Shaw L.,1
Koehlmoos T.P.,1
Fung A.W.T.,1
Lee A.T.C.,1
Ma S.L.,1
Lam L.C.W.,1
Schwartzberg E.,1
Marom E.,1
Vishkautzan A.,1
Gorelik E.,1
Shani S.,1
Griva K.,1
Chua Z.Y.,1
Lai L.Y.,1
Xu S.J.,1
Bek E.S.J.,1
Borowicz C.,1
Daniel L.,1
Futcher R.D.,1
Wilfong D.N.,1
Segar L.B.,1
Laidi C.,1
Courtet P.,1
Vaiva G.,1
Schoones J.W.,1
van der Steen J.T.,1
Kumar A.,1
Gaur N.,1
Nanthaamornphong A.,1
Thorud H.-M.S.,1
Mudvari P.R.,1
Falkenberg H.K.,1
Calderon Ramirez C.,1
Farmer Y.,1
Frolic A.,1
Bravo G.,1
Gaucher N.O.,1
Payot A.,1
Opatrny L.,1
Poirier D.,1
Dahine J.,1
L’Espérance A.,1
Downar J.,1
Tanuseputro P.,1
Rousseau L.-M.,1
Dumez V.,1
Descôteaux A.,1
Dallaire C.,1
Laporte K.,1
Bouthillier M.-E.,1
Malemo L.K.,1
Yap A.,1
Mitume B.,1
Salmon C.,1
Karafuli K.,1
Poenaru D.,1
Onyango R.,1
Cortegiani A.,1
Battaglini D.,1
Amato G.,1
Behr A.U.,1
Donadello K.,1
Einav S.,1
Frigo M.G.,1
Fullin G.,1
Giannini A.,1
Ippolito M.,1
Marozzi F.,1
Monzani R.,1
Monti G.,1
Schultz M.J.,1
Torrano V.,1
Villa G.,1
Giarratano A.,1
Hodges B.,1
Omoruyi F.,1
Allison K.,1
Warp P.V.,1
Hauschild M.,1
Cruz I.,1
Oseni A.O.,1
Chun J.-Y.,1
Morgan R.,1
Ratnam L.,1
Munneke W.,1
Demoulin C.,1
Nijs J.,1
Morin C.,1
Kool E.,1
Berquin A.,1
Meeus M.,1
De Kooning M.,1
Kim D.,1
Park M.K.,1
Ko S.H.,1
Bowman-Smart H.,1
Perrot A.,1
Horn R.,1
Alhajahjeh A.,1
Abdulelah A.A.,1
Hmeidan M.,1
Kakish D.,1
Sukerji R.,1
Qtaishat L.,1
Awamlh B.,1
Dobbs R.W.,1
Al Sukhun S.,1
Laguna P.,1
Shahait M.,1
Hart T.,1
van Welzenis T.,1
Wekre L.L.,1
Semler O.,1
Raggio C.,1
Bober M.B.,1
Rapoport M.,1
Prince S.,1
Rauch F.,1
Abdolalipour S.,1
Abbasalizadeh S.,1
Jahanfar S.,1
Asghari Jafarabadi M.,1
Abdollahi K.,1
Mirghafourvadsnd M.,1
Dehghankar L.,1
Valinezhad S.,1
Zarabadi Poor F.,1
Hosseinkhani Z.,1
Motalebi S.A.,1
Reeves V.,1
McIntyre H.,1
Loughhead M.,1
Halpin M.A.,1
Procter N.,1
Sarubo M.,1
Mouri Y.,1
Moromizato A.,1
Yamada A.,1
Jin S.,1
Shao W.,1
Hagita H.,1
Miyoshi K.,1
Kudo Y.,1
Guo H.,1
Mahmoud H.A.,1
Awwad E.M.,1
Khan Y.,1
Mahadevan A.,1
Rivera R.,1
Najhawan M.,1
Saadat S.,1
Strehlow M.,1
Rao G.V.R.,1
Youm J.,1
Nielsen L.D.,1
Løwe M.M.,1
Mansilla F.,1
Jørgensen R.B.,1
Ramachandran A.,1
Noe B.B.,1
Egebæk H.K.,1
Al-Ajlouni Y.A.,1
Al Ta’ani O.,1
Shamaileh G.,1
Nagi Y.,1
Tanashat M.,1
Al-Bitar F.,1
Duncan D.T.,1
Makarem N.,1
Cesca N.,1
Abu-Jurji Z.,1
Wexler A.,1
Mark J.,1
McCullum S.,1
Kamran R.,1
Chan B.,1
Musselman K.E.,1
Adami G.,1
Rossini M.,1
Gatti D.,1
Serpi P.,1
Fabrizio C.,1
Lovato R.,1
Maddumabandara K.,1
Rajaratnam A.,1
Ishfak M.,1
Samarakoon N.,1
Ellepola K.,1
Bowattage S.,1
Queiroz G.,1
Monteiro C.,1
Manco L.,1
Relvas L.,1
Trovoada M.D.J.,1
Leite A.,1
Bento C.,1
Jiang J.J.,1
Link K.,1
Mellgard G.,1
Silvestri F.,1
Qian D.,1
Chennareddy S.,1
Goldstein Y.,1
Frid G.,1
Band I.,1
Saali A.,1
Thomas D.C.,1
Jasti H.,1
Meah Y.S.,1
Thursby S.,1
Dismore L.,1
Swainston K.,1
Adzrago D.,1
Thapa K.,1
Rajbhandari-Thapa J.,1
Sulley S.,1
Williams F.,1
Olatunji G.,1
Kokori E.,1
Aderinto N.,1
Alsabri M.A.H.,1
Alattas M.,1
Gordon S.,1
Sabin L.L.,1
El-jardali F.,1
Wirtz V.J.,1
Mekonnen G.,1
Liknaw T.,1
Anley A.,1
Afenigus A.D.,1
Axenhus M.,1
Schedin-Weiss S.,1
Tjernberg L.,1
Winblad B.,1
Chang S.-C.,1
Eichinger C.S.,1
Field P.,1
Hashemzadeh M.,1
Bužančić I.,1
Držaić M.,1
Kummer I.,1
Ortner Hadžiabdić M.,1
Brkić J.,1
Fialová D.,1
Dewez J.E.,1
Nijman R.G.,1
Fitchett E.J.A.,1
Li E.C.,1
Luu Q.F.,1
Emonts M.,1
de Groot R.,1
van der Flier M.,1
Philipsen R.,1
Ettelt S.,1
Yeung S.,1
Wu Z.,1
Qiao Z.,1
Chen S.,1
Fan S.,1
Lim C.T.,1
Ao L.,1
Nyande F.K.,1
Ricks E.,1
Williams M.,1
Jardien-Baboo S.,1
McGowan D.,1
Morley C.,1
Hansen E.,1
Shaw K.,1
Winzenberg T.,1
Johnson T.,1
Shamroukh S.,1
Hong X.,1
An Q.,1
Fan W.,1
Yang M.,1
Xiao L.,1
Chan K.-T.,1
Wu H.-Y.,1
Tin W.-Y.,1
But P.P.-H.,1
Cheung S.C.-H.,1
Shaw P.-C.,1
Athanasakis K.,1
Bala C.,1
Kokkinos A.,1
Simonyi G.,1
Karoliová K.H.,1
Basse A.,1
Bogdanovic M.,1
Kang M.,1
Low K.,1
Gras A.,1
van Doornik R.S.,1
van der Oord S.,1
Luijckx J.,1
Groenman A.P.,1
Leijten P.,1
Luman M.,1
Hoekstra P.J.,1
van den Hoofdakker B.J.,1
Dekkers T.J.,1
Gu L.,1
Chen W.,1
Weng Y.,1
Yao M.,1
Andrew L.,1
Oosthuizen J.,1
Sim M.,1
Anuwar A.H.K.,1
Ng C.W.,1
Safii S.H.,1
Saub R.,1
Ab-Murat N.,1
Bravi C.A.,1
Turri F.,1
Dell’Oglio P.,1
Piramide F.,1
Moschovas M.C.,1
De Groote R.,1
Andras I.,1
Liakos N.,1
Di Maida F.,1
Lambert E.,1
Wenzel M.,1
Würnschimmel C.,1
Darlington D.,1
Paciotti M.,1
Jeong C.W.,1
Pellegrino F.,1
Basile G.,1
Wiklund P.,1
Mottrie A.,1
Breda A.,1
Larcher A.,1
Kusudo M.,1
Terada M.,1
Kureyama N.,1
Wanifuchi-Endo Y.,1
Fujita T.,1
Asano T.,1
Kato A.,1
Mori M.,1
Horisawa N.,1
Toyama T.,1
Vogt K.S.,1
Coleman R.,1
Simms-Ellis R.,1
Harrison R.,1
Shearman N.,1
Marran J.,1
Budworth L.,1
Horsfield C.,1
Lawton R.,1
Grange A.,1
Paniagua-Avila A.,1
Shelton R.C.,1
Figueroa J.C.,1
Guzman A.L.,1
Gutierrez L.,1
Hernandez-Galdamez D.R.,1
Ramirez J.M.,1
Rodriguez J.,1
Irazola V.,1
Ramirez-Zea M.,1
Fort M.P.,1
Tao W.,1
Abubeker K.M.,1
Ramani R.,1
Krishnamoorthy R.,1
Gogula S.,1
Baskar S.,1
Muthu S.,1
Chellamuthu G.,1
Subramaniam K.,1
Bachler H.,1
Obwegeser A.,1
Zobi M.,1
Abrokwa S.K.,1
Dordoye E.,1
Phuti A.,1
Fathizadeh H.,1
Mousavi S.-S.,1
Gharibi Z.,1
Rezaeipour H.,1
Biojmajd A.-R.,1
Lehr F.-X.,1
Pavletić B.,1
Glatter T.,1
Heimerl T.,1
Moeller R.,1
Niederholtmeyer H.,1
Shen J.,1
Quinn S.,1
Suskauer S.J.,1
Birch J.,1
Busch T.,1
Svingos A.,1
Crawfis R.,1
Yeates K.O.,1
Taylor H.G.,1
Ally N.,1
Ismail S.,1
Naidu N.,1
Makda I.,1
Mayet I.,1
Gyasi M.E.,1
Makafui P.,1
Nomo A.,1
Nanfack C.,1
Madikane A.T.,1
Pohl W.D.,1
Mbambisa B.N.,1
Oettle J.T.,1
Adepoju F.,1
Tota-Bolarinwa T.B.,1
Buque A.,1
Khalau S.J.N.,1
Zirima D.,1
Takayidza B.,1
Eze U.A.,1
Adedeji A.,1
Sandi F.,1
Feksi J.,1
Okonkwo O.,1
Hassan A.,1
du Toit N.,1
Petersen S.,1
Tsimi C.,1
Dovoma V.,1
Bature M.,1
Adamu M.,1
Okeke S.,1
Asimadu I.N.,1
Kizor-Akaraiwe N.N.,1
Ezisi C.N.,1
Nkumbe H.E.,1
Olivier T.T.M.,1
Alli H.D.,1
Wagner W.,1
Doyle T.A.,1
Francomano C.A.,1
Knight D.R.T.,1
Halverson C.M.E.,1
Berhanu R.D.,1
Golja E.A.,1
Gudeta T.A.,1
Feyisa J.W.,1
Rikitu D.H.,1
Bayane Y.B.,1
Irrera O.,1
Marchesin S.,1
Silvello G.,1
Padilha J.M.,1
Costa P.,1
Ferreira A.,1
van Lieshout C.,1
Frederix G.W.J.,1
Schoonhoven L.,1
Wu Y.-H.,1
Nordling T.E.M.,1
Poveda J.L.,1
Crespo C.,1
Martínez M.,1
Rodríguez J.M.,1
Irimia P.,1
Liu Z.,1
Zhang P.,1
Cil G.,1
Dogan K.,1
Woolf C.,1
Kaplan L.,1
Norrie L.M.,1
Burke D.,1
Cunich M.,1
Mowszowski L.,1
Naismith S.L.,1
Thangavelu P.D.,1
Janakiraman B.,1
Pawar R.,1
Shingare P.H.,1
Bhosale S.,1
Souza R.D.,1
Duarte I.,1
Nunes R.,1
Alzghaibi H.,1
Abed Alah M.,1
Solis E.C.,1
Carlier I.V.E.,1
Kamminga N.G.A.,1
Giltay E.J.,1
van Hemert A.M.,1
Ju S.,1
Bouderhem R.,1
Pajunen H.,1
Veitonmäki T.,1
Huhtala H.,1
Nikkola J.,1
Pöyhönen A.,1
Murtola T.,1
Tan X.,1
Everard G.,1
Burton Q.,1
Van de Sype V.,1
Bibentyo T.N.,1
Auvinet E.,1
Edwards M.G.,1
Batcho C.S.,1
Lejeune T.,1
Xu D.R.,1
Ju K.,1
Jian W.,1
Liao X.,1
Wu R.,1
Jakovljevic M.,1
Hui A.,1
Chimhini G.,1
Saungweme M.,1
Kaisi D.,1
Munetsi E.,1
Mujuru H.A.,1
Darmstadt G.L.,1
Akatukwasa C.,1
Beesiga B.,1
Owaraganise A.,1
Nangendo J.,1
Kakande E.,1
Mwangwa F.,1
Nayiga S.,1
Semitala F.C.,1
Kamya M.R.,1
Kabami J.,1
Szeto K.,1
Arnold J.,1
Maher C.,1
Bayram A.,1
Chiappinotto S.,1
Palese A.,1
Panahi N.,1
Ahmadi M.,1
Hosseinpour M.,1
Sedokani A.,1
Farhadi A.,1
Nabipour I.,1
Larijani B.,1
Rosvall A.,1
Axelsson M.,1
Toth E.,1
Kumlien C.,1
Gershater M.A.,1
García-Azorín D.,1
Sánchez del Río M.,1
Rosati D.,1
Palmieri M.,1
Brunelli G.,1
Morrione A.,1
Iannelli F.,1
Frullanti E.,1
Giordano A.,1
Kirchmayer U.,1
Marino C.,1
Feriozzi S.,1
Massimetti C.,1
Manzuoli M.,1
Angelici L.,1
Bargagli A.M.,1
Cascini S.,1
Davoli M.,1
Agabiti N.,1
Carrandi A.,1
Grove A.,1
Skouteris H.,1
Melder A.,1
Dever M.,1
Higgins A.,1
Shangguan Q.,1
Yang R.,1
Sheng G.,1
Kuang M.,1
Zou Y.,1
Ma W.,1
Liang P.,1
Wu B.,1
Shi Q.,1
Zhong R.,1
Doornebosch A.J.,1
Rayan-Gharra N.,1
Malatskey L.,1
Ofir-Gutler M.,1
Sakhnini R.,1
Yousef A.,1
Khatib M.,1
Skorecki K.,1
Spitzer S.,1
Burst V.,1
Völker L.A.,1
Brähler S.,1
Simic D.,1
Becker I.,1
Hellmich M.,1
Kurscheid C.,1
Krauspe R.,1
Leibel K.,1
Stock S.,1
Brinkkoetter P.T.,1
Wangler J.,1
Jansky M.,1
Delafontaine A.-C.,1
Anders R.,1
Mathieu B.,1
Salathé C.R.,1
Putois B.,1
Cowan K.,1
Lee J.Y.,1
Walker E.S.,1
Smith P.G.,1
Singleton R.,1
Cox S.M.,1
Faiella J.,1
Chassereau L.,1
Lawrence L.,1
Ying J.,1
Baldner J.,1
Garza M.,1
Annett R.,1
Chervinskiy S.K.,1
Snowden J.,1
Dedja M.,1
Mehranian A.,1
Bradley K.M.,1
Walker M.D.,1
Fielding P.A.,1
Wollenweber S.D.,1
Johnsen R.,1
McGowan D.R.,1
Sivanandam L.K.,1
Arunkumar H.,1
Marlecha P.,1
Madamanchi V.,1
Maheshwari C.,1
Naseer M.Q.,1
Sanker V.,1
Dave T.,1
Khalili G.,1
Zargoush M.,1
Huang K.,1
Ghazalbash S.,1
Naz L.,1
Sriram S.,1
Idsøe-Jakobsen I.,1
Dombestein H.,1
Crisafulli S.,1
Fontana A.,1
L’Abbate L.,1
Vitturi G.,1
Cozzolino A.,1
Gianfrilli D.,1
De Martino M.C.,1
Amico B.,1
Combi C.,1
Trifirò G.,1
HajiEsmailpoor Z.,1
Fayazi A.,1
Tabnak P.,1
Gauss T.,1
de Jongh M.,1
Maegele M.,1
Bouzat P.,1
Di Girolamo C.,1
Onorati R.,1
Landriscina T.,1
Gnavi R.,1
Cesaroni G.,1
Calandrini E.,1
Bisceglia L.,1
Fanizza C.,1
Spadea T.,1
Benini F.,1
Mercante A.,1
Di Nunzio S.,1
Papa S.,1
Harrison H.,1
Ip S.,1
Renzi C.,1
Barclay M.,1
Usher-Smith J.,1
Lyratzopoulos G.,1
Wood A.,1
Antoniou A.C.,1
Su J.J.,1
Bayuo J.,1
Lin R.S.Y.,1
Wong A.K.C.,1
Abu-Odah H.,1
He Q.,1
Batalik L.,1
Saboor A.,1
Li J.P.,1
Ul Haq A.,1
Shehzad U.,1
Khan S.,1
Aotaibi R.M.,1
Alajlan S.A.,1
Barton K.C.,1
Ho L.-C.,1
Yap K.Z.,1
Tan D.S.-Y.,1
Lee S.S.,1
Neo C.X.R.,1
Tan A.H.L.,1
Boey B.M.Y.,1
Soon C.J.Y.,1
Gallagher P.J.,1
Olwanda E.,1
Opondo K.,1
Oluoch D.,1
Croke K.,1
Maluni J.,1
Jepkosgei J.,1
Nzinga J.,1
Harkus S.,1
Marnane V.,1
O’Keeffe I.,1
Kung C.,1
Ward M.,1
Orr N.,1
Skinner J.,1
Hughes J.K.,1
Fonua L.,1
Kong K.,1
Belfrage M.,1
González-Fernández L.,1
Romero-Morales C.,1
Martínez-Pascual B.,1
Río-González A.,1
Cerezo-Téllez E.,1
López-Martín I.,1
Xing L.,1
Shi Z.,1
Chang S.,1
Kou J.,1
Kumari R.,1
Chander S.,1
Sudha G.,1
Saravanan N.,1
Muthalakshmi M.,1
Birunda M.,1
Dida N.,1
Abute L.,1
Dejene T.,1
Yadate T.,1
Geleta T.,1
Sharma R.,1
Mon H.S.,1
Simireta T.,1
Addisu H.,1
Ramadani R.V.,1
Svensson M.,1
Hassler S.,1
Hidayat B.,1
Ng N.,1
Nili M.,1
Epstein A.J.,1
Nunag D.,1
Olson A.,1
Borah B.J.,1
Erden Y.,1
Temel M.H.,1
Bağcıer F.,1
Ancira-Moreno M.,1
Hernández-Cordero S.,1
Tun T.Z.,1
Han S.M.,1
Moji K.,1
Matsui M.,1
Abuawad M.,1
Ziyadeh-Isleem A.,1
Mahamid A.,1
Quzmar S.,1
Ammar E.,1
Shawahna R.,1
Wolde H.M.,1
Zerihun B.,1
Sinshaw W.,1
Yewhalaw D.,1
Abebe G.,1
