Document,DI,TotalCitation,TCperYear,NormalizedTC
"D’Souza K., 2024, Human Resources for Health",10.1186/s12960-024-00897-x,1,0.3,45.41
"Shangguan Q., 2024, Diabetology and Metabolic Syndrome",10.1186/s13098-024-01307-x,1,0.3,45.41
"Xiao Y., 2024, Humanities and Social Sciences Communications",10.1057/s41599-024-02643-z,1,0.3,45.41
"Szeto K., 2024, International Journal of Behavioral Nutrition and Physical Activity",10.1186/s12966-024-01567-w,1,0.3,45.41
"Yıldız M.S., 2024, BMC Medical Education",10.1186/s12909-024-05349-7,1,0.3,45.41
"Amin F., 2024, Pakistan Journal of Medical Sciences",10.12669/pjms.40.2(ICON).8948,1,0.3,45.41
"Guo Y., 2024, Lipids in Health and Disease",10.1186/s12944-024-02076-2,1,0.3,45.41
"Eerdekens R., 2024, Cost Effectiveness and Resource Allocation",10.1186/s12962-024-00531-6,1,0.3,45.41
"Lee K., 2024, Journal of NeuroEngineering and Rehabilitation",10.1186/s12984-024-01343-8,1,0.3,45.41
"yadalam P.K., 2024, BMC Oral Health",10.1186/s12903-024-04041-y,1,0.3,45.41
"Cesca N., 2024, Spinal Cord Series and Cases",10.1038/s41394-024-00619-4,1,0.3,45.41
"Marcotte L.M., 2024, Implementation Science Communications",10.1186/s43058-024-00569-w,1,0.3,45.41
"Padilha J.M., 2024, BMC Medical Education",10.1186/s12909-024-05154-2,1,0.3,45.41
"Pan J., 2024, BMC Cancer",10.1186/s12885-024-12100-4,1,0.3,45.41
"Rocha H.A.L., 2024, BMC Infectious Diseases",10.1186/s12879-024-09250-y,1,0.3,45.41
"Rodriguez E.E., 2024, Critical Care",10.1186/s13054-024-04893-4,1,0.3,45.41
"Rosati D., 2024, Computational and Structural Biotechnology Journal",10.1016/j.csbj.2024.02.018,1,0.3,45.41
"Schmidt-Mende K., 2024, BMC Geriatrics",10.1186/s12877-024-04796-7,1,0.3,45.41
"García-Azorín D., 2024, Journal of Headache and Pain",10.1186/s10194-024-01740-3,1,0.3,45.41
"Johansen L., 2024, Orphanet Journal of Rare Diseases",10.1186/s13023-024-03125-w,1,0.3,45.41
"Kidholm K., 2024, International Journal of Technology Assessment in Health Care",10.1017/S0266462323002830,1,0.3,45.41
"Alattas M., 2024, BMC Health Services Research",10.1186/s12913-024-10787-6,1,0.3,45.41
"Adebisi Y.A., 2024, Globalization and Health",10.1186/s12992-024-01039-7,0,0.0,0.0
"Adelekan B., 2024, BMC Public Health",10.1186/s12889-023-15848-9,0,0.0,0.0
"Adeoye I.A., 2024, BMC Health Services Research",10.1186/s12913-024-11030-y,0,0.0,0.0
"Adzrago D., 2024, BMC Public Health",10.1186/s12889-024-18336-w,0,0.0,0.0
"Aguilar-Palacio I., 2024, Archives of Public Health",10.1186/s13690-024-01276-7,0,0.0,0.0
"Agvall B., 2024, Cardiovascular Diabetology",10.1186/s12933-024-02211-4,0,0.0,0.0
"Ahmad S., 2024, Scientific Reports",10.1038/s41598-024-57145-4,0,0.0,0.0
"Ahmad S.Z., 2024, Implementation Science Communications",10.1186/s43058-024-00563-2,0,0.0,0.0
"Ahmadinezhad G.S., 2024, BMC Pregnancy and Childbirth",10.1186/s12884-024-06465-4,0,0.0,0.0
"Ahmed S., 2024, Research Involvement and Engagement",10.1186/s40900-024-00568-0,0,0.0,0.0
"Ahmed W.S., 2024, Conflict and Health",10.1186/s13031-024-00590-9,0,0.0,0.0
"Ahn S., 2024, BMC Nursing",10.1186/s12912-024-01891-3,0,0.0,0.0
"Aitken G.L., 2024, Langenbeck's Archives of Surgery",10.1007/s00423-024-03330-y,0,0.0,0.0
"Akatukwasa C., 2024, Discover Social Science and Health",10.1007/s44155-024-00069-1,0,0.0,0.0
"Al-Ajlouni Y.A., 2024, BMC Public Health",10.1186/s12889-024-18316-0,0,0.0,0.0
"Al-Alshaikh H.A., 2024, Scientific Reports",10.1038/s41598-024-58489-7,0,0.0,0.0
"Al-Attar M., 2024, Orphanet Journal of Rare Diseases",10.1186/s13023-024-03143-8,0,0.0,0.0
"Al-Balas M., 2024, BMC Women's Health",10.1186/s12905-024-03007-0,0,0.0,0.0
"Al-Halawani R., 2024, Scientific Reports",10.1038/s41598-024-58435-7,0,0.0,0.0
"Alam F., 2024, Archives of Osteoporosis",10.1007/s11657-024-01389-0,0,0.0,0.0
"Albanesi B., 2024, BMC Geriatrics",10.1186/s12877-024-04912-7,0,0.0,0.0
"Albitres-Flores L., 2024, BMC Health Services Research",10.1186/s12913-024-10809-3,0,0.0,0.0
"Alemu C., 2024, Scientific Reports",10.1038/s41598-024-58855-5,0,0.0,0.0
"Alemu E.M., 2024, BMC Women's Health",10.1186/s12905-024-03069-0,0,0.0,0.0
"Algahtani H.A., 2024, Acta neurologica Taiwanica",,0,0.0,0.0
"Alhajahjeh A., 2024, World Journal of Urology",10.1007/s00345-024-04893-7,0,0.0,0.0
"Aljohani A., 2024, BMC Medical Informatics and Decision Making",10.1186/s12911-024-02518-y,0,0.0,0.0
"Alkhaddo J., 2024, BMC Health Services Research",10.1186/s12913-024-10745-2,0,0.0,0.0
"Allaert Y., 2024, Applied Microbiology and Biotechnology",10.1007/s00253-024-13139-w,0,0.0,0.0
"Allam S.M.E., 2024, BMC Nursing",10.1186/s12912-024-01858-4,0,0.0,0.0
"Ally N., 2024, Tropical Medicine and Health",10.1186/s41182-024-00589-1,0,0.0,0.0
"Almuammar S., 2024, International Journal of Emergency Medicine",10.1186/s12245-024-00635-z,0,0.0,0.0
"Alsaif M., 2024, Health Economics Review",10.1186/s13561-024-00505-7,0,0.0,0.0
"Altarifi D., 2024, BMC Health Services Research",10.1186/s12913-024-10983-4,0,0.0,0.0
"Altuhaifa F., 2024, Journal of Medical Systems",10.1007/s10916-024-02062-2,0,0.0,0.0
"Alvis-Guzman N., 2024, Diabetology and Metabolic Syndrome",10.1186/s13098-024-01300-4,0,0.0,0.0
"Alzghaibi H., 2024, BMC Medical Education",10.1186/s12909-024-05065-2,0,0.0,0.0
"Ambrose J.W., 2024, BMC Health Services Research",10.1186/s12913-024-10895-3,0,0.0,0.0
"Ameyaw E.K., 2024, BMC Pregnancy and Childbirth",10.1186/s12884-024-06459-2,0,0.0,0.0
"Amini E., 2024, BMC Public Health",10.1186/s12889-024-18374-4,0,0.0,0.0
"Amiri H., 2024, BMC Medical Education",10.1186/s12909-024-05406-1,0,0.0,0.0
"Amuka E., 2024, BMC Pediatrics",10.1186/s12887-024-04676-4,0,0.0,0.0
"An Z., 2024, BMC Primary Care",10.1186/s12875-024-02378-5,0,0.0,0.0
"Ancira-Moreno M., 2024, International Journal for Equity in Health",10.1186/s12939-024-02111-9,0,0.0,0.0
"Andersén M.B., 2024, BMC Public Health",10.1186/s12889-024-18617-4,0,0.0,0.0
"Anuwar A.H.K., 2024, BMC Oral Health",10.1186/s12903-024-04094-z,0,0.0,0.0
"Ara G., 2024, BMC Public Health",10.1186/s12889-024-18359-3,0,0.0,0.0
"Aranda-Nárvaez J.M., 2024, Langenbeck's Archives of Surgery",10.1007/s00423-024-03305-z,0,0.0,0.0
"Arendse K.D., 2024, Scientific Reports",10.1038/s41598-024-57774-9,0,0.0,0.0
"Arjmandnia F., 2024, Patient Safety in Surgery",10.1186/s13037-024-00393-0,0,0.0,0.0
"Arntson L., 2024, Malaria Journal",10.1186/s12936-024-04951-w,0,0.0,0.0
"Arraji M., 2024, BMC Complementary Medicine and Therapies",10.1186/s12906-024-04468-4,0,0.0,0.0
"Arvidsson I., 2024, Alzheimer's Research and Therapy",10.1186/s13195-024-01428-5,0,0.0,0.0
"Ataro B.A., 2024, BMC Nursing",10.1186/s12912-024-01881-5,0,0.0,0.0
"Athanasakis K., 2024, BMC Health Services Research",10.1186/s12913-024-10840-4,0,0.0,0.0
"Axenhus M., 2024, BMC Public Health",10.1186/s12889-024-18332-0,0,0.0,0.0
"Ayele G., 2024, BMC Health Services Research",10.1186/s12913-024-10834-2,0,0.0,0.0
"Ayub F., 2024, BMC Medical Education",10.1186/s12909-024-05348-8,0,0.0,0.0
"Azmoude E., 2024, Reproductive Health",10.1186/s12978-024-01788-z,0,0.0,0.0
"Babu S.V., 2024, Scientific Reports",10.1038/s41598-024-55991-w,0,0.0,0.0
"Badri R., 2024, Conflict and Health",10.1186/s13031-024-00581-w,0,0.0,0.0
"Bahraini S., 2024, BMC Health Services Research",10.1186/s12913-024-10910-7,0,0.0,0.0
"Bai C., 2024, BMC Nursing",10.1186/s12912-024-01860-w,0,0.0,0.0
"Bai Y., 2024, Scientific Reports",10.1038/s41598-024-58675-7,0,0.0,0.0
"Bala I., 2024, Social Network Analysis and Mining",10.1007/s13278-024-01229-6,0,0.0,0.0
"Balikuddembe J.K., 2024, BMC Public Health",10.1186/s12889-024-18395-z,0,0.0,0.0
"Balkrishna A., 2024, Journal of Health, Population and Nutrition",10.1186/s41043-024-00537-z,0,0.0,0.0
"Ballaram S., 2024, BMC Medical Education",10.1186/s12909-024-05322-4,0,0.0,0.0
"Bartholomew T.S., 2024, Addiction Science and Clinical Practice",10.1186/s13722-024-00447-9,0,0.0,0.0
"Bassah N., 2024, International Journal for Equity in Health",10.1186/s12939-024-02173-9,0,0.0,0.0
"Baxter H., 2024, Health Research Policy and Systems",10.1186/s12961-024-01127-5,0,0.0,0.0
"Baye T.A., 2024, Cost Effectiveness and Resource Allocation",10.1186/s12962-024-00530-7,0,0.0,0.0
"Bayram A., 2024, BMC Health Services Research",10.1186/s12913-024-10708-7,0,0.0,0.0
"Bağcı Ş., 2024, BMC Public Health",10.1186/s12889-024-18451-8,0,0.0,0.0
"Bekele B.T., 2024, BMC Health Services Research",10.1186/s12913-024-10865-9,0,0.0,0.0
"Benbassat J., 2024, Israel Journal of Health Policy Research",10.1186/s13584-024-00607-x,0,0.0,0.0
"Benini F., 2024, Italian Journal of Pediatrics",10.1186/s13052-024-01604-1,0,0.0,0.0
"Berentschot J.C., 2024, Respiratory Research",10.1186/s12931-024-02748-8,0,0.0,0.0
"Berhanu R.D., 2024, BMC Nursing",10.1186/s12912-024-01838-8,0,0.0,0.0
"Berk J., 2024, Implementation Science Communications",10.1186/s43058-024-00573-0,0,0.0,0.0
"Berkhout M., 2024, BMC Medical Informatics and Decision Making",10.1186/s12911-024-02486-3,0,0.0,0.0
"Berry L., 2024, Orphanet Journal of Rare Diseases",10.1186/s13023-024-03090-4,0,0.0,0.0
"Bertelsen A.S., 2024, Trials",10.1186/s13063-024-08044-6,0,0.0,0.0
"Bezie M.M., 2024, BMC Public Health",10.1186/s12889-024-18490-1,0,0.0,0.0
"Bilawal M., 2024, BMC Medical Education",10.1186/s12909-024-05481-4,0,0.0,0.0
"Bindayel I.A., 2024, BMC Medical Education",10.1186/s12909-024-05338-w,0,0.0,0.0
"Biringer A., 2024, BMC Pregnancy and Childbirth",10.1186/s12884-024-06405-2,0,0.0,0.0
"Björklund J., 2024, BMC Cardiovascular Disorders",10.1186/s12872-024-03871-6,0,0.0,0.0
"Blanchet K., 2024, Conflict and Health",10.1186/s13031-023-00564-3,0,0.0,0.0
"Bloska J., 2024, Research Involvement and Engagement",10.1186/s40900-024-00574-2,0,0.0,0.0
"Boag W., 2024, npj Digital Medicine",10.1038/s41746-024-01061-4,0,0.0,0.0
"Bogerd M.J.L., 2024, BMC Primary Care",10.1186/s12875-024-02364-x,0,0.0,0.0
"Bolado G.N., 2024, BMC Nursing",10.1186/s12912-024-01748-9,0,0.0,0.0
"Bonadonna L.V., 2024, AIDS Research and Therapy",10.1186/s12981-024-00608-5,0,0.0,0.0
"Booker L.A., 2024, BMC Nursing",10.1186/s12912-024-01949-2,0,0.0,0.0
"Boone-Heinonen J., 2024, BMC Public Health",10.1186/s12889-024-18257-8,0,0.0,0.0
"Boris P., 2024, Scientific Reports",10.1038/s41598-024-57442-y,0,0.0,0.0
"Borowicz C., 2024, Advances in Simulation",10.1186/s41077-024-00284-5,0,0.0,0.0
"Bose B., 2024, BMC Pregnancy and Childbirth",10.1186/s12884-024-06406-1,0,0.0,0.0
"Bouderhem R., 2024, Humanities and Social Sciences Communications",10.1057/s41599-024-02894-w,0,0.0,0.0
"Bourke J.A., 2024, BMC Health Services Research",10.1186/s12913-024-10847-x,0,0.0,0.0
"Boven A., 2024, BMC Infectious Diseases",10.1186/s12879-024-09364-3,0,0.0,0.0
"Bowman R.L., 2024, BMC Complementary Medicine and Therapies",10.1186/s12906-024-04465-7,0,0.0,0.0
"Bowman-Smart H., 2024, BMC Medical Ethics",10.1186/s12910-024-01032-0,0,0.0,0.0
"Bravi C.A., 2024, Journal of Robotic Surgery",10.1007/s11701-024-01870-5,0,0.0,0.0
"Brierley M.L., 2024, Diabetology and Metabolic Syndrome",10.1186/s13098-024-01336-6,0,0.0,0.0
"Brown E.A., 2024, BMC Medical Education",10.1186/s12909-024-05302-8,0,0.0,0.0
"Bru-Luna L.M., 2024, BMC Psychology",10.1186/s40359-024-01716-7,0,0.0,0.0
"Brückner T.Y., 2024, BMC Health Services Research",10.1186/s12913-024-10845-z,0,0.0,0.0
"Bune G.T., 2024, BMC Sports Science, Medicine and Rehabilitation",10.1186/s13102-024-00860-2,0,0.0,0.0
"Burananayok S., 2024, Scientific Reports",10.1038/s41598-024-57584-z,0,0.0,0.0
"Bužančić I., 2024, Scientific Reports",10.1038/s41598-024-56780-1,0,0.0,0.0
"Byrne C.J., 2024, Harm Reduction Journal",10.1186/s12954-024-00999-8,0,0.0,0.0
"Bø K.-E., 2024, BMC Health Services Research",10.1186/s12913-024-11014-y,0,0.0,0.0
"Cadmus S., 2024, Scientific Reports",10.1038/s41598-024-58147-y,0,0.0,0.0
"Calabrò G.E., 2024, Health Research Policy and Systems",10.1186/s12961-024-01122-w,0,0.0,0.0
"Calcaterra V., 2024, Italian Journal of Pediatrics",10.1186/s13052-024-01644-7,0,0.0,0.0
"Calderon Ramirez C., 2024, BMC Medical Ethics",10.1186/s12910-024-01030-2,0,0.0,0.0
"Camard L., 2024, BMC Medical Education",10.1186/s12909-024-05072-3,0,0.0,0.0
"Carini C., 2024, Journal of Translational Medicine",10.1186/s12967-024-05067-0,0,0.0,0.0
"Carrandi A., 2024, Implementation Science Communications",10.1186/s43058-024-00562-3,0,0.0,0.0
"Caru M., 2024, BMC Complementary Medicine and Therapies",10.1186/s12906-024-04446-w,0,0.0,0.0
"Catho G., 2024, Antimicrobial Resistance and Infection Control",10.1186/s13756-024-01395-4,0,0.0,0.0
"Causio F.A., 2024, Public Health Genomics",10.1159/000534010,0,0.0,0.0
"Ceccarelli L., 2024, BMC Infectious Diseases",10.1186/s12879-024-09241-z,0,0.0,0.0
"Ceular-Villamandos N., 2024, Humanities and Social Sciences Communications",10.1057/s41599-024-02884-y,0,0.0,0.0
"Cevasco K.E., 2024, Journal of Medical Systems",10.1007/s10916-024-02059-x,0,0.0,0.0
"Chaaban S., 2024, BMC Public Health",10.1186/s12889-024-18496-9,0,0.0,0.0
"Chaaya R., 2024, BMC Psychiatry",10.1186/s12888-024-05762-8,0,0.0,0.0
"Chambers-Lewis M.L., 2024, Journal of Chiropractic Humanities",10.1016/j.echu.2024.02.001,0,0.0,0.0
"Chan K.-T., 2024, Journal of Ethnobiology and Ethnomedicine",10.1186/s13002-024-00674-z,0,0.0,0.0
"Chan V.K.Y., 2024, BMC Medicine",10.1186/s12916-024-03386-z,0,0.0,0.0
"Chan Y.L., 2024, European Journal of Medical Research",10.1186/s40001-024-01831-6,0,0.0,0.0
"Chang M.C., 2024, Network Modeling Analysis in Health Informatics and Bioinformatics",10.1007/s13721-024-00450-9,0,0.0,0.0
"Chang S.-C., 2024, European Journal of Medical Research",10.1186/s40001-024-01771-1,0,0.0,0.0
"Charnley G.E.C., 2024, BMC Public Health",10.1186/s12889-024-18300-8,0,0.0,0.0
"Chaudhry M., 2024, Scientific Reports",10.1038/s41598-024-56933-2,0,0.0,0.0
"Chauhan V., 2024, BMC Medical Informatics and Decision Making",10.1186/s12911-024-02514-2,0,0.0,0.0
"Chen C., 2024, Journal of Cardiothoracic Surgery",10.1186/s13019-024-02659-1,0,0.0,0.0
"Chen L., 2024, BMC Medical Education",10.1186/s12909-024-05277-6,0,0.0,0.0
"Chen L., 2024, Journal of Cloud Computing",10.1186/s13677-024-00648-2,0,0.0,0.0
"Chen P., 2024, BMC Palliative Care",10.1186/s12904-024-01425-3,0,0.0,0.0
"Chen Y.-H., 2024, BMC Health Services Research",10.1186/s12913-024-10908-1,0,0.0,0.0
"Chew C.-C., 2024, Trials",10.1186/s13063-024-08111-y,0,0.0,0.0
"Chew K.S., 2024, BMC Public Health",10.1186/s12889-024-18034-7,0,0.0,0.0
"Chewaka M.T., 2024, BMC Health Services Research",10.1186/s12913-024-10927-y,0,0.0,0.0
"Cho K.A., 2024, BMC Nursing",10.1186/s12912-024-01887-z,0,0.0,0.0
"Cho Y., 2024, BMC Infectious Diseases",10.1186/s12879-024-09358-1,0,0.0,0.0
"Choręza P., 2024, Archives of Public Health",10.1186/s13690-024-01277-6,0,0.0,0.0
"Chua J.Y.X., 2024, Journal of Medical Systems",10.1007/s10916-024-02067-x,0,0.0,0.0
"Chuah Y.Y., 2024, BMC Complementary Medicine and Therapies",10.1186/s12906-024-04441-1,0,0.0,0.0
"Cil G., 2024, World Journal of Urology",10.1007/s00345-024-04847-z,0,0.0,0.0
"Claassen L., 2024, International Journal of Emergency Medicine",10.1186/s12245-024-00629-x,0,0.0,0.0
"Clark N.L., 2024, BMC Medical Ethics",10.1186/s12910-024-01048-6,0,0.0,0.0
"Cockshott Z., 2024, BMC Geriatrics",10.1186/s12877-024-04804-w,0,0.0,0.0
"Cohen M.J., 2024, Israel Journal of Health Policy Research",10.1186/s13584-024-00606-y,0,0.0,0.0
"Cole S., 2024, Cost Effectiveness and Resource Allocation",10.1186/s12962-024-00532-5,0,0.0,0.0
"Cong Z., 2024, BMC Geriatrics",10.1186/s12877-024-04956-9,0,0.0,0.0
"Consales A., 2024, BMC Public Health",10.1186/s12889-024-18497-8,0,0.0,0.0
"Corkery-Hayward M., 2024, International Breastfeeding Journal",10.1186/s13006-024-00631-2,0,0.0,0.0
"Cortegiani A., 2024, Journal of Anesthesia, Analgesia and Critical Care",10.1186/s44158-024-00157-3,0,0.0,0.0
"Coudry R.A., 2024, Journal of Pathology Informatics",10.1016/j.jpi.2024.100369,0,0.0,0.0
"Coulombe B., 2024, Molecular Brain",10.1186/s13041-024-01088-4,0,0.0,0.0
"Cowan K., 2024, Trials",10.1186/s13063-024-08012-0,0,0.0,0.0
"Crisafulli S., 2024, Scientific Reports",10.1038/s41598-024-56240-w,0,0.0,0.0
"Cunningham R., 2024, BMC Cancer",10.1186/s12885-024-12292-9,0,0.0,0.0
"Curtis K., 2024, BMC Cancer",10.1186/s12885-024-12099-8,0,0.0,0.0
"Cusworth S., 2024, BMC Medical Informatics and Decision Making",10.1186/s12911-024-02487-2,0,0.0,0.0
"Dadi T.L., 2024, AIDS Research and Therapy",10.1186/s12981-024-00612-9,0,0.0,0.0
"Dalugodage S.S., 2024, BMC Medical Genomics",10.1186/s12920-024-01849-z,0,0.0,0.0
"Dang V.N., 2024, Scientific Reports",10.1038/s41598-024-58427-7,0,0.0,0.0
"Dantas A.A.G., 2024, Scientific Reports",10.1038/s41598-024-60449-0,0,0.0,0.0
"Dar M.S., 2024, Discover Nano",10.1186/s11671-024-04028-2,0,0.0,0.0
"Darvishi E., 2024, BMC Musculoskeletal Disorders",10.1186/s12891-024-07387-0,0,0.0,0.0
"Das S., 2024, BMC Genomics",10.1186/s12864-024-10276-4,0,0.0,0.0
"Day M.A., 2024, BMC Medicine",10.1186/s12916-024-03383-2,0,0.0,0.0
"DeMaria A.L., 2024, BMC Public Health",10.1186/s12889-024-18379-z,0,0.0,0.0
"Dedja M., 2024, EJNMMI Physics",10.1186/s40658-024-00632-4,0,0.0,0.0
"Deekshitha S., 2024, Lasers in Medical Science",10.1007/s10103-024-04050-x,0,0.0,0.0
"Deering K.L., 2024, Orphanet Journal of Rare Diseases",10.1186/s13023-024-03155-4,0,0.0,0.0
"Dehghankar L., 2024, BMC Geriatrics",10.1186/s12877-024-04871-z,0,0.0,0.0
"Delafontaine A.-C., 2024, BMC Palliative Care",10.1186/s12904-024-01393-8,0,0.0,0.0
"Demem K., 2024, BMC Anesthesiology",10.1186/s12871-024-02495-9,0,0.0,0.0
"Deng Q., 2024, BMC Health Services Research",10.1186/s12913-024-10792-9,0,0.0,0.0
"Deressa H.D., 2024, Global Health Research and Policy",10.1186/s41256-024-00352-3,0,0.0,0.0
"Devikrishna N.B., 2024, BMC Psychiatry",10.1186/s12888-024-05684-5,0,0.0,0.0
"Dewez J.E., 2024, BMC Health Services Research",10.1186/s12913-024-10698-6,0,0.0,0.0
"Dey D., 2024, Pediatric Rheumatology",10.1186/s12969-024-00975-3,0,0.0,0.0
"Di Girolamo C., 2024, International Journal for Equity in Health",10.1186/s12939-024-02127-1,0,0.0,0.0
"Dida N., 2024, BMC Pediatrics",10.1186/s12887-024-04656-8,0,0.0,0.0
"Dieckmann P., 2024, Advances in Simulation",10.1186/s41077-024-00278-3,0,0.0,0.0
"Dietz E., 2024, BMC Medicine",10.1186/s12916-024-03351-w,0,0.0,0.0
"Dillon D., 2024, Environmental Health: A Global Access Science Source",10.1186/s12940-024-01080-4,0,0.0,0.0
"Dimnjaković J., 2024, Scientific Reports",10.1038/s41598-024-57871-9,0,0.0,0.0
"Dinagde D.D., 2024, BMC Health Services Research",10.1186/s12913-024-10893-5,0,0.0,0.0
"Dolonbaeva Z., 2024, BMC Public Health",10.1186/s12889-024-18518-6,0,0.0,0.0
"Dong Y., 2024, BMC Infectious Diseases",10.1186/s12879-024-09336-7,0,0.0,0.0
"Doornebosch A.J., 2024, BMC Medical Education",10.1186/s12909-024-05291-8,0,0.0,0.0
"Dovizio M., 2024, Italian Journal of Pediatrics",10.1186/s13052-024-01628-7,0,0.0,0.0
"Draper-Rodi J., 2024, BMC Medical Education",10.1186/s12909-024-05404-3,0,0.0,0.0
"Dupas B., 2024, Trials",10.1186/s13063-024-07994-1,0,0.0,0.0
"Durydivka O., 2024, Scientific Reports",10.1038/s41598-024-58845-7,0,0.0,0.0
"Durão S., 2024, Health Research Policy and Systems",10.1186/s12961-024-01133-7,0,0.0,0.0
"Duś-Ilnicka I., 2024, BMC Medical Education",10.1186/s12909-024-05301-9,0,0.0,0.0
"Eames D., 2024, BMC Medical Education",10.1186/s12909-024-05263-y,0,0.0,0.0
"Edgar A.K., 2024, Advances in Simulation",10.1186/s41077-024-00290-7,0,0.0,0.0
"Eitze S., 2024, BMC Public Health",10.1186/s12889-024-18674-9,0,0.0,0.0
"Ekelund U., 2024, Scandinavian Journal of Trauma, Resuscitation and Emergency Medicine",10.1186/s13049-024-01206-0,0,0.0,0.0
"Ekenes M., 2024, BMC Health Services Research",10.1186/s12913-024-10972-7,0,0.0,0.0
"El Hadathy D., 2024, BMC Psychiatry",10.1186/s12888-024-05745-9,0,0.0,0.0
"El-Sayed M.M., 2024, BMC Nursing",10.1186/s12912-024-01913-0,0,0.0,0.0
"El-Shiekh R.A., 2024, Applied Biological Chemistry",10.1186/s13765-024-00886-7,0,0.0,0.0
"Elfios E., 2024, BMC Nursing",10.1186/s12912-024-01902-3,0,0.0,0.0
"Elhabashy S., 2024, BMC Nursing",10.1186/s12912-024-01869-1,0,0.0,0.0
"Eli K., 2024, BMC Primary Care",10.1186/s12875-024-02283-x,0,0.0,0.0
"Elshami M., 2024, BMC Public Health",10.1186/s12889-024-18437-6,0,0.0,0.0
"Elshawi R., 2024, Scientific Reports",10.1038/s41598-024-59401-z,0,0.0,0.0
"Elshiwy K., 2024, BMC Pulmonary Medicine",10.1186/s12890-024-03001-0,0,0.0,0.0
"Endalamaw A., 2024, BMC Health Services Research",10.1186/s12913-024-10828-0,0,0.0,0.0
"Endalamaw A., 2024, BMC Primary Care",10.1186/s12875-024-02336-1,0,0.0,0.0
"Endeshaw D., 2024, BMC Emergency Medicine",10.1186/s12873-024-00982-3,0,0.0,0.0
"Erden Y., 2024, Archives of Osteoporosis",10.1007/s11657-024-01376-5,0,0.0,0.0
"Eriksson J., 2024, International Journal for Equity in Health",10.1186/s12939-024-02159-7,0,0.0,0.0
"Eslami Jahromi M., 2024, BMC Public Health",10.1186/s12889-024-18702-8,0,0.0,0.0
"Everard G., 2024, Journal of NeuroEngineering and Rehabilitation",10.1186/s12984-024-01332-x,0,0.0,0.0
"Eyamu J., 2024, Alzheimer's Research and Therapy",10.1186/s13195-024-01452-5,0,0.0,0.0
"Fabre V., 2024, Antimicrobial Resistance and Infection Control",10.1186/s13756-024-01400-w,0,0.0,0.0
"Fadiel A., 2024, Scientific Reports",10.1038/s41598-024-57604-y,0,0.0,0.0
"Faissner M., 2024, Philosophy, Ethics, and Humanities in Medicine",10.1186/s13010-024-00156-w,0,0.0,0.0
"Fang C., 2024, BMC Health Services Research",10.1186/s12913-024-11015-x,0,0.0,0.0
"Faramarzi M., 2024, BMC Women's Health",10.1186/s12905-024-03102-2,0,0.0,0.0
"Farhat H., 2024, BMC Emergency Medicine",10.1186/s12873-024-00992-1,0,0.0,0.0
"Farhat T., 2024, Conflict and Health",10.1186/s13031-024-00596-3,0,0.0,0.0
"Fariman S.K., 2024, Scientific Reports",10.1038/s41598-024-57521-0,0,0.0,0.0
"Farinhas J.H., 2024, Scientific Reports",10.1038/s41598-024-60850-9,0,0.0,0.0
"Fassi C.F., 2024, BMC Nursing",10.1186/s12912-024-01864-6,0,0.0,0.0
"Fathizadeh H., 2024, BMC Nursing",10.1186/s12912-024-01836-w,0,0.0,0.0
"Fernandez S.B., 2024, BMC Medical Ethics",10.1186/s12910-024-01015-1,0,0.0,0.0
"Ferrari D., 2024, Techniques in Coloproctology",10.1007/s10151-024-02922-6,0,0.0,0.0
"Fitzpatrick K.M., 2024, International Journal for Equity in Health",10.1186/s12939-024-02185-5,0,0.0,0.0
"Fontaine G., 2024, Systematic Reviews",10.1186/s13643-024-02512-5,0,0.0,0.0
"Forse R., 2024, Health Research Policy and Systems",10.1186/s12961-024-01132-8,0,0.0,0.0
"Frank H.E., 2024, Pilot and Feasibility Studies",10.1186/s40814-024-01467-7,0,0.0,0.0
"Franzén C., 2024, BMC Health Services Research",10.1186/s12913-024-10949-6,0,0.0,0.0
"Fu L., 2024, BMC Public Health",10.1186/s12889-024-18464-3,0,0.0,0.0
"Fuchs T.I., 2024, BMC Health Services Research",10.1186/s12913-024-10993-2,0,0.0,0.0
"Fuentes-Cimma J., 2024, BMC Medical Education",10.1186/s12909-024-05439-6,0,0.0,0.0
"Fullaondo A., 2024, BMC Health Services Research",10.1186/s12913-024-10810-w,0,0.0,0.0
"Fung A.W.T., 2024, BMC Geriatrics",10.1186/s12877-024-04879-5,0,0.0,0.0
"Furness A., 2024, BMC Pediatrics",10.1186/s12887-024-04692-4,0,0.0,0.0
"Gaber S.N., 2024, BMC Health Services Research",10.1186/s12913-024-10914-3,0,0.0,0.0
"Gaid D., 2024, Implementation Science Communications",10.1186/s43058-024-00585-w,0,0.0,0.0
"Gao Q., 2024, BMC Health Services Research",10.1186/s12913-024-11020-0,0,0.0,0.0
"Gareri P., 2024, Aging Clinical and Experimental Research",10.1007/s40520-024-02749-z,0,0.0,0.0
"Garzon S., 2024, Journal of Robotic Surgery",10.1007/s11701-024-01948-0,0,0.0,0.0
"Gauss T., 2024, Critical Care",10.1186/s13054-024-04863-w,0,0.0,0.0
"Gebremichael M.A., 2024, BMC Women's Health",10.1186/s12905-024-03009-y,0,0.0,0.0
"Geng Y., 2024, Journal of Nanobiotechnology",10.1186/s12951-024-02370-2,0,0.0,0.0
"Gerdes A., 2024, Discover Artificial Intelligence",10.1007/s44163-024-00119-2,0,0.0,0.0
"Getahun M.S., 2024, Discover Social Science and Health",10.1007/s44155-024-00072-6,0,0.0,0.0
"Ghadi Y.Y., 2024, Journal of Cloud Computing",10.1186/s13677-024-00654-4,0,0.0,0.0
"Ghatak S., 2024, BMC Pregnancy and Childbirth",10.1186/s12884-024-06445-8,0,0.0,0.0
"Girela-Lopez E., 2024, BMC Medical Ethics",10.1186/s12910-024-01041-z,0,0.0,0.0
"Gleason-Comstock J., 2024, Substance Abuse: Treatment, Prevention, and Policy",10.1186/s13011-024-00601-1,0,0.0,0.0
"Glette M.K., 2024, BMC Health Services Research",10.1186/s12913-024-10935-y,0,0.0,0.0
"Gloeckl R., 2024, Sports Medicine - Open",10.1186/s40798-024-00695-8,0,0.0,0.0
"Glover A., 2024, BMC Pregnancy and Childbirth",10.1186/s12884-024-06491-2,0,0.0,0.0
"Gobezie M.Y., 2024, Antimicrobial Resistance and Infection Control",10.1186/s13756-024-01389-2,0,0.0,0.0
"Gombault-Datzenko E., 2024, BMC Geriatrics",10.1186/s12877-024-04946-x,0,0.0,0.0
"González-Fernández L., 2024, Breast Cancer Research",10.1186/s13058-024-01806-9,0,0.0,0.0
"Gonçalves Lomardo P., 2024, BMC Oral Health",10.1186/s12903-024-03996-2,0,0.0,0.0
"Graul E.L., 2024, BMC Pulmonary Medicine",10.1186/s12890-024-03035-4,0,0.0,0.0
"Greco S., 2024, Cardiovascular Diabetology",10.1186/s12933-024-02245-8,0,0.0,0.0
"Greenhalgh T., 2024, BMC Medicine",10.1186/s12916-024-03371-6,0,0.0,0.0
"Griffin E., 2024, Journal of Headache and Pain",10.1186/s10194-024-01749-8,0,0.0,0.0
"Griva K., 2024, BMC Health Services Research",10.1186/s12913-024-10830-6,0,0.0,0.0
"Gu J., 2024, BMC Public Health",10.1186/s12889-024-18435-8,0,0.0,0.0
"Gu J., 2024, Scientific Reports",10.1038/s41598-024-58719-y,0,0.0,0.0
"Gu L., 2024, BMC Geriatrics",10.1186/s12877-024-04870-0,0,0.0,0.0
"Gu S., 2024, Health Economics Review",10.1186/s13561-024-00499-2,0,0.0,0.0
"Gudjonsdottir H., 2024, BMC Medicine",10.1186/s12916-024-03393-0,0,0.0,0.0
"Guo Y., 2024, Health Economics Review",10.1186/s13561-024-00496-5,0,0.0,0.0
"Gupta P., 2024, BMC Public Health",10.1186/s12889-024-18635-2,0,0.0,0.0
"Guzzi G., 2024, Journal of Anesthesia, Analgesia and Critical Care",10.1186/s44158-024-00167-1,0,0.0,0.0
"Gwanika Y., 2024, BMC Cancer",10.1186/s12885-024-12168-y,0,0.0,0.0
"Habte A., 2024, Reproductive Health",10.1186/s12978-024-01782-5,0,0.0,0.0
"Hackl E., 2024, Discover Artificial Intelligence",10.1007/s44163-023-00099-9,0,0.0,0.0
"Hadida L., 2024, Health and Justice",10.1186/s40352-024-00275-8,0,0.0,0.0
"Hadizadeh-Talasaz Z., 2024, Avicenna Journal of Nursing and Midwifery Care",10.32592/ajnmc.32.1.12,0,0.0,0.0
"Hager A.-G.M., 2024, BMC Geriatrics",10.1186/s12877-024-04927-0,0,0.0,0.0
"Hailu G.N., 2024, BMC Geriatrics",10.1186/s12877-024-04924-3,0,0.0,0.0
"HajiEsmailpoor Z., 2024, Discover Oncology",10.1007/s12672-024-00929-x,0,0.0,0.0
"Hala S., 2024, Genome Medicine",10.1186/s13073-024-01332-5,0,0.0,0.0
"Hall M.J., 2024, BMC Cancer",10.1186/s12885-024-12184-y,0,0.0,0.0
"Halvorsen M.S., 2024, International Journal of Mental Health Systems",10.1186/s13033-024-00632-y,0,0.0,0.0
"Hamid Z., 2024, BMC Medical Informatics and Decision Making",10.1186/s12911-024-02512-4,0,0.0,0.0
"Han Z., 2024, BMC Medical Education",10.1186/s12909-024-05254-z,0,0.0,0.0
"Hansen M.C., 2024, Trials",10.1186/s13063-024-08096-8,0,0.0,0.0
"Harada S., 2024, Scientific Reports",10.1038/s41598-024-59596-1,0,0.0,0.0
"Hardaker N., 2024, BMC Neurology",10.1186/s12883-024-03653-9,0,0.0,0.0
"Haresaku S., 2024, BMC Medical Education",10.1186/s12909-024-05227-2,0,0.0,0.0
"Harkus S., 2024, BMC Primary Care",10.1186/s12875-024-02307-6,0,0.0,0.0
"Harris S.R., 2024, BMC Health Services Research",10.1186/s12913-024-10946-9,0,0.0,0.0
"Harrison H., 2024, BMC Medical Research Methodology",10.1186/s12874-024-02175-9,0,0.0,0.0
"Hashempour R., 2024, BMC Health Services Research",10.1186/s12913-024-10873-9,0,0.0,0.0
"Hassan H.I., 2024, Journal of Orthopaedic Surgery and Research",10.1186/s13018-024-04735-7,0,0.0,0.0
"Hayashi A., 2024, BMC Nephrology",10.1186/s12882-024-03550-w,0,0.0,0.0
"Hayrumyan V., 2024, BMC Primary Care",10.1186/s12875-024-02377-6,0,0.0,0.0
"Hazen A.C.M., 2024, BMC Health Services Research",10.1186/s12913-024-10703-y,0,0.0,0.0
"He X., 2024, BMC Nursing",10.1186/s12912-024-01945-6,0,0.0,0.0
"Heidkamp P., 2024, BMC Women's Health",10.1186/s12905-024-03012-3,0,0.0,0.0
"Hemo O., 2024, Urolithiasis",10.1007/s00240-024-01560-9,0,0.0,0.0
"Hennrich J., 2024, BMC Health Services Research",10.1186/s12913-024-10894-4,0,0.0,0.0
"Hernandez C., 2024, Cost Effectiveness and Resource Allocation",10.1186/s12962-024-00536-1,0,0.0,0.0
"Herreros B., 2024, Philosophy, Ethics, and Humanities in Medicine",10.1186/s13010-024-00155-x,0,0.0,0.0
"Hertz J.T., 2024, BMC Health Services Research",10.1186/s12913-024-10831-5,0,0.0,0.0
"Hesgrove B., 2024, BMC Health Services Research",10.1186/s12913-024-10984-3,0,0.0,0.0
"Hinkes S., 2024, Harm Reduction Journal",10.1186/s12954-024-00982-3,0,0.0,0.0
"Hjorth M., 2024, BMC Nursing",10.1186/s12912-024-01934-9,0,0.0,0.0
"Hlongwa M., 2024, BMC Public Health",10.1186/s12889-024-18660-1,0,0.0,0.0
"Hodges B., 2024, Journal of Medical Case Reports",10.1186/s13256-024-04496-1,0,0.0,0.0
"Hodgson S., 2024, BMC Health Services Research",10.1186/s12913-024-10973-6,0,0.0,0.0
"Hodson N., 2024, Implementation Science",10.1186/s13012-024-01362-y,0,0.0,0.0
"Hofmann B.M., 2024, BMC Health Services Research",10.1186/s12913-024-10869-5,0,0.0,0.0
"Holbrook A., 2024, Pilot and Feasibility Studies",10.1186/s40814-024-01484-6,0,0.0,0.0
"Holstad Y., 2024, International Breastfeeding Journal",10.1186/s13006-024-00627-y,0,0.0,0.0
"Hooker C., 2024, BMC Health Services Research",10.1186/s12913-024-10961-w,0,0.0,0.0
"Hoover A., 2024, BMC Research Notes",10.1186/s13104-024-06768-x,0,0.0,0.0
"Hosseinpour A., 2024, BMC Nursing",10.1186/s12912-024-01786-3,0,0.0,0.0
"Hoteit R., 2024, Health Research Policy and Systems",10.1186/s12961-024-01131-9,0,0.0,0.0
"Hough K., 2024, Research Involvement and Engagement",10.1186/s40900-024-00567-1,0,0.0,0.0
"Houpert R., 2024, BMC Public Health",10.1186/s12889-024-18633-4,0,0.0,0.0
"Hourigan D., 2024, BMC Microbiology",10.1186/s12866-024-03243-2,0,0.0,0.0
"Hu F., 2024, BMC Public Health",10.1186/s12889-024-18558-y,0,0.0,0.0
"Huang A., 2024, BMC Health Services Research",10.1186/s12913-024-10882-8,0,0.0,0.0
"Huang J., 2024, npj Digital Medicine",10.1038/s41746-024-01079-8,0,0.0,0.0
"Huang W., 2024, BMC Health Services Research",10.1186/s12913-024-10861-z,0,0.0,0.0
"Hubeishy M.H., 2024, Implementation Science Communications",10.1186/s43058-024-00568-x,0,0.0,0.0
"Huelsboemer L., 2024, Military Medical Research",10.1186/s40779-024-00528-5,0,0.0,0.0
"Hui A., 2024, BMC Pediatrics",10.1186/s12887-024-04661-x,0,0.0,0.0
"Hyatt A., 2024, BMC Health Services Research",10.1186/s12913-024-10876-6,0,0.0,0.0
"Idsøe-Jakobsen I., 2024, BMC Health Services Research",10.1186/s12913-024-10808-4,0,0.0,0.0
"Iezadi S., 2024, BMC Health Services Research",10.1186/s12913-024-10854-y,0,0.0,0.0
"Iloson C., 2024, BMC Psychiatry",10.1186/s12888-024-05652-z,0,0.0,0.0
"Imtiyaz B.S., 2024, American journal of disaster medicine",10.5055/ajdm.0452,0,0.0,0.0
"Ingvarsson E., 2024, BMC Health Services Research",10.1186/s12913-024-11039-3,0,0.0,0.0
"Irrera O., 2024, BMC Bioinformatics",10.1186/s12859-024-05730-9,0,0.0,0.0
"Islam M.T., 2024, BMC Health Services Research",10.1186/s12913-024-10789-4,0,0.0,0.0
"Ivanova D., 2024, Chiropractic and Manual Therapies",10.1186/s12998-023-00527-8,0,0.0,0.0
"Izadi M., 2024, BMC Health Services Research",10.1186/s12913-024-10866-8,0,0.0,0.0
"Jabbarzadeh-Ganjeh B., 2024, BMC Public Health",10.1186/s12889-024-18568-w,0,0.0,0.0
"Jafarpour D., 2024, Trials",10.1186/s13063-024-08097-7,0,0.0,0.0
"Jairoun A.A., 2024, Scientific Reports",10.1038/s41598-024-56765-0,0,0.0,0.0
"Jakobsen S.G., 2024, BMC Primary Care",10.1186/s12875-024-02393-6,0,0.0,0.0
"James C., 2024, BMC Health Services Research",10.1186/s12913-024-10931-2,0,0.0,0.0
"Janssens O., 2024, BMC Medical Education",10.1186/s12909-024-05428-9,0,0.0,0.0
"Jarab A.S., 2024, Antimicrobial Resistance and Infection Control",10.1186/s13756-024-01382-9,0,0.0,0.0
"Jarlenski M., 2024, BMC Health Services Research",10.1186/s12913-024-10982-5,0,0.0,0.0
"Jeganathan G., 2024, BMC Primary Care",10.1186/s12875-024-02369-6,0,0.0,0.0
"Jehloh L., 2024, BMC Nursing",10.1186/s12912-024-01943-8,0,0.0,0.0
"Jenkins D.R., 2024, BMC Infectious Diseases",10.1186/s12879-024-09307-y,0,0.0,0.0
"Jesser A., 2024, BMC Psychology",10.1186/s40359-024-01714-9,0,0.0,0.0
"Jeszka J., 2024, Journal of Physiological Anthropology",10.1186/s40101-024-00359-2,0,0.0,0.0
"Jiang J.J., 2024, BMC Medical Education",10.1186/s12909-024-05070-5,0,0.0,0.0
"Jobalayeva B., 2024, Human Resources for Health",10.1186/s12960-024-00905-0,0,0.0,0.0
"Johansson B., 2024, BMC Cancer",10.1186/s12885-024-12273-y,0,0.0,0.0
"Johnson T., 2024, Scientific Reports",10.1038/s41598-024-56771-2,0,0.0,0.0
"Jones C.H., 2024, npj Aging",10.1038/s41514-024-00148-2,0,0.0,0.0
"Jonsdottir S.L., 2024, Scientific Reports",10.1038/s41598-024-57656-0,0,0.0,0.0
"Joseph A.O., 2024, BMC Medical Education",10.1186/s12909-024-05313-5,0,0.0,0.0
"Jouanny C., 2024, BMC Women's Health",10.1186/s12905-024-03063-6,0,0.0,0.0
"Jouffroy R., 2024, Annals of Intensive Care",10.1186/s13613-024-01282-6,0,0.0,0.0
"Jovanovic A., 2024, Orphanet Journal of Rare Diseases",10.1186/s13023-024-03131-y,0,0.0,0.0
"Jönsson L., 2024, Journal of Headache and Pain",10.1186/s10194-024-01752-z,0,0.0,0.0
"Jønsson A.B.R., 2024, BMC Primary Care",10.1186/s12875-024-02338-z,0,0.0,0.0
"KC S., 2024, BMC Health Services Research",10.1186/s12913-024-10724-7,0,0.0,0.0
"Kaddoura R., 2024, Population Health Metrics",10.1186/s12963-024-00325-1,0,0.0,0.0
"Kaggiah A., 2024, BMC Infectious Diseases",10.1186/s12879-024-09309-w,0,0.0,0.0
"Kajos L.F., 2024, Scientific Reports",10.1038/s41598-024-60720-4,0,0.0,0.0
"Kallay R., 2024, BMC Public Health",10.1186/s12889-024-18642-3,0,0.0,0.0
"Kalman J.L., 2024, European Psychiatry",10.1192/j.eurpsy.2023.2466,0,0.0,0.0
"Kamari F., 2024, Scientific Reports",10.1038/s41598-024-59068-6,0,0.0,0.0
"Karanja P.W., 2024, Implementation Science Communications",10.1186/s43058-024-00565-0,0,0.0,0.0
"Karimi A.H., 2024, Arthroplasty",10.1186/s42836-024-00244-4,0,0.0,0.0
"Karlsson E.A., 2024, BMC Medical Education",10.1186/s12909-024-05458-3,0,0.0,0.0
"Kasa A.S., 2024, BMC Geriatrics",10.1186/s12877-024-04909-2,0,0.0,0.0
"Kassam A.S., 2024, Schizophrenia",10.1038/s41537-024-00461-5,0,0.0,0.0
"Kassie A.M., 2024, BMC Health Services Research",10.1186/s12913-024-10850-2,0,0.0,0.0
"Kates J., 2024, BMC Palliative Care",10.1186/s12904-024-01433-3,0,0.0,0.0
"Katsoulakis E., 2024, npj Digital Medicine",10.1038/s41746-024-01073-0,0,0.0,0.0
"Katushabe J., 2024, Malaria Journal",10.1186/s12936-024-04929-8,0,0.0,0.0
"Kautzky A., 2024, Biology of Sex Differences",10.1186/s13293-024-00609-z,0,0.0,0.0
"Kawabata T., 2024, Scientific Reports",10.1038/s41598-024-58656-w,0,0.0,0.0
"Keegan G., 2024, BMC Public Health",10.1186/s12889-024-18352-w,0,0.0,0.0
"Keicher F., 2024, BMC Medical Education",10.1186/s12909-024-05309-1,0,0.0,0.0
"Kent-Marvick J., 2024, Discover Social Science and Health",10.1007/s44155-024-00078-0,0,0.0,0.0
"Keshavarzi A., 2024, Cost Effectiveness and Resource Allocation",10.1186/s12962-024-00542-3,0,0.0,0.0
"Khajoei R., 2024, BMC Health Services Research",10.1186/s12913-024-10939-8,0,0.0,0.0
"Khalili G., 2024, Scientific Reports",10.1038/s41598-024-56606-0,0,0.0,0.0
"Khan M.N., 2024, BMC Health Services Research",10.1186/s12913-024-10824-4,0,0.0,0.0
"Khan U.I., 2024, BMC Health Services Research",10.1186/s12913-024-11012-0,0,0.0,0.0
"Khanpoor H., 2024, BMC Medical Education",10.1186/s12909-024-05355-9,0,0.0,0.0
"Kheimi A.M., 2024, American journal of disaster medicine",10.5055/ajdm.0454,0,0.0,0.0
"Kheradmand J.A., 2024, Health in Emergencies and Disasters Quarterly",10.32598/hdq.9.2.524.1,0,0.0,0.0
"Khoo C.M.J., 2024, Scientific Reports",10.1038/s41598-024-59195-0,0,0.0,0.0
"Khoshakhlagh A.H., 2024, Globalization and Health",10.1186/s12992-024-01040-0,0,0.0,0.0
"Kihlgren A., 2024, BMC Geriatrics",10.1186/s12877-024-04903-8,0,0.0,0.0
"Kilpatrick C., 2024, Antimicrobial Resistance and Infection Control",10.1186/s13756-024-01391-8,0,0.0,0.0
"Kim D., 2024, Communications Materials",10.1038/s43246-024-00480-w,0,0.0,0.0
"Kim D.-H., 2024, BMC Infectious Diseases",10.1186/s12879-024-09167-6,0,0.0,0.0
"Kim P.C., 2024, BMC Health Services Research",10.1186/s12913-024-10797-4,0,0.0,0.0
"Kim T., 2024, Scientific Reports",10.1038/s41598-024-58398-9,0,0.0,0.0
"Kim T.V., 2024, BMC Infectious Diseases",10.1186/s12879-024-09326-9,0,0.0,0.0
"King W.M., 2024, BMC Public Health",10.1186/s12889-024-18317-z,0,0.0,0.0
"Kirbaş Z.Ö., 2024, BMC Pregnancy and Childbirth",10.1186/s12884-024-06438-7,0,0.0,0.0
"Kirchmayer U., 2024, BMC Nephrology",10.1186/s12882-024-03539-5,0,0.0,0.0
"Kletter M., 2024, BMC Health Services Research",10.1186/s12913-024-10686-w,0,0.0,0.0
"Ko E., 2024, BMC Nursing",10.1186/s12912-024-01901-4,0,0.0,0.0
"Kobryn M., 2024, BMC Public Health",10.1186/s12889-024-18399-9,0,0.0,0.0
"Kohanmoo A., 2024, Journal of Health, Population and Nutrition",10.1186/s41043-024-00533-3,0,0.0,0.0
"Kohanmoo A., 2024, Scientific Reports",10.1038/s41598-024-58801-5,0,0.0,0.0
"Komijan A.R., 2024, International Journal of Computational Intelligence Systems",10.1007/s44196-024-00487-8,0,0.0,0.0
"Kornhauser T., 2024, BMC Ophthalmology",10.1186/s12886-024-03417-6,0,0.0,0.0
"Korona-Bailey J., 2024, BMC Public Health",10.1186/s12889-024-18357-5,0,0.0,0.0
"Kothinti S., 2024, Eurasip Journal on Audio, Speech, and Music Processing",10.1186/s13636-024-00339-5,0,0.0,0.0
"Krczal E., 2024, BMC Health Services Research",10.1186/s12913-024-10930-3,0,0.0,0.0
"Kreca S.M., 2024, Patient Safety in Surgery",10.1186/s13037-024-00399-8,0,0.0,0.0
"Kresevic S., 2024, npj Digital Medicine",10.1038/s41746-024-01091-y,0,0.0,0.0
"Krijger A., 2024, BMC Health Services Research",10.1186/s12913-024-10997-y,0,0.0,0.0
"Kristoffersen A.E., 2024, BMC Nutrition",10.1186/s40795-024-00872-8,0,0.0,0.0
"Krstic M., 2024, Health Economics Review",10.1186/s13561-024-00507-5,0,0.0,0.0
"Krstic S., 2024, BMC Health Services Research",10.1186/s12913-024-10790-x,0,0.0,0.0
"Kuczawski M., 2024, BMC Nursing",10.1186/s12912-024-01843-x,0,0.0,0.0
"Kulhánová I., 2024, BMC Women's Health",10.1186/s12905-024-03053-8,0,0.0,0.0
"Kulkarni C., 2024, BMC Medical Informatics and Decision Making",10.1186/s12911-024-02495-2,0,0.0,0.0
"Kumah E., 2024, Health Policy OPEN",10.1016/j.hpopen.2024.100119,0,0.0,0.0
"Kumar A., 2024, Scientific Reports",10.1038/s41598-024-57641-7,0,0.0,0.0
"Kumari R., 2024, Egyptian Heart Journal",10.1186/s43044-024-00463-9,0,0.0,0.0
"Kuo K.-M., 2024, BMC Medical Informatics and Decision Making",10.1186/s12911-024-02503-5,0,0.0,0.0
"Kuri A., 2024, BMC Neurology",10.1186/s12883-024-03598-z,0,0.0,0.0
"Kusudo M., 2024, Scientific Reports",10.1038/s41598-024-56679-x,0,0.0,0.0
"König E., 2024, Antimicrobial Resistance and Infection Control",10.1186/s13756-024-01397-2,0,0.0,0.0
"Laffont-Lozes P., 2024, Antimicrobial Resistance and Infection Control",10.1186/s13756-024-01387-4,0,0.0,0.0
"Lai Y.K., 2024, BMC Psychology",10.1186/s40359-024-01701-0,0,0.0,0.0
"Lajore B.A., 2024, BMC Health Services Research",10.1186/s12913-024-10911-6,0,0.0,0.0
"Lalande E., 2024, BMC Women's Health",10.1186/s12905-024-03025-y,0,0.0,0.0
"Lamberti-Castronuovo A., 2024, Conflict and Health",10.1186/s13031-024-00595-4,0,0.0,0.0
"Lan L., 2024, Scientific Reports",10.1038/s41598-024-56077-3,0,0.0,0.0
"Landers C., 2024, npj Digital Medicine",10.1038/s41746-024-01105-9,0,0.0,0.0
"Landguth E.L., 2024, Environmental Health: A Global Access Science Source",10.1186/s12940-024-01082-2,0,0.0,0.0
"Laupichler M.C., 2024, BMC Medical Education",10.1186/s12909-024-05400-7,0,0.0,0.0
"Lee J.K., 2024, Archives of Osteoporosis",10.1007/s11657-024-01375-6,0,0.0,0.0
"Lee J.T., 2024, Human Resources for Health",10.1186/s12960-024-00895-z,0,0.0,0.0
"Lee K.-S., 2024, BMC Emergency Medicine",10.1186/s12873-024-00968-1,0,0.0,0.0
"Lee K.-S., 2024, BMC Public Health",10.1186/s12889-024-18361-9,0,0.0,0.0
"Leese C.J., 2024, BMC Primary Care",10.1186/s12875-024-02345-0,0,0.0,0.0
"Lehr F.-X., 2024, npj Microgravity",10.1038/s41526-024-00378-4,0,0.0,0.0
"Lendino A., 2024, BMC Microbiology",10.1186/s12866-024-03257-w,0,0.0,0.0
"Lesego A., 2024, BMC Health Services Research",10.1186/s12913-024-11028-6,0,0.0,0.0
"Lett C., 2024, Trials",10.1186/s13063-024-08068-y,0,0.0,0.0
"Levi H., 2024, BMC Emergency Medicine",10.1186/s12873-024-00964-5,0,0.0,0.0
"Levy A.M., 2024, BMC Health Services Research",10.1186/s12913-024-10912-5,0,0.0,0.0
"Lewis H., 2024, BMC Palliative Care",10.1186/s12904-024-01400-y,0,0.0,0.0
"Li F., 2024, BMC Pediatrics",10.1186/s12887-024-04776-1,0,0.0,0.0
"Li H., 2024, Nutrition Journal",10.1186/s12937-024-00942-4,0,0.0,0.0
"Li J., 2024, BMC Health Services Research",10.1186/s12913-024-10856-w,0,0.0,0.0
"Li J., 2024, Journal of Big Data",10.1186/s40537-024-00929-2,0,0.0,0.0
"Li Q., 2024, BMC Medical Education",10.1186/s12909-024-05131-9,0,0.0,0.0
"Li S., 2024, BMC Medical Genomics",10.1186/s12920-024-01891-x,0,0.0,0.0
"Li X., 2024, BMC Public Health",10.1186/s12889-024-18392-2,0,0.0,0.0
"Li Y., 2024, BMC Cancer",10.1186/s12885-024-12295-6,0,0.0,0.0
"Li Z., 2024, BMC Psychiatry",10.1186/s12888-024-05693-4,0,0.0,0.0
"Li Z., 2024, Cell Communication and Signaling",10.1186/s12964-024-01569-y,0,0.0,0.0
"Liang T., 2024, Carbon Resources Conversion",10.1016/j.crcon.2024.100227,0,0.0,0.0
"Lim A., 2024, BMC Public Health",10.1186/s12889-024-18613-8,0,0.0,0.0
"Limaye R.J., 2024, BMC Pregnancy and Childbirth",10.1186/s12884-024-06425-y,0,0.0,0.0
"Limenh L.W., 2024, Scientific Reports",10.1038/s41598-024-58080-0,0,0.0,0.0
"Limsomwong P., 2024, BMC Palliative Care",10.1186/s12904-024-01419-1,0,0.0,0.0
"Lin K., 2024, BMC Primary Care",10.1186/s12875-024-02301-y,0,0.0,0.0
"Lindemann C.H., 2024, Trials",10.1186/s13063-024-08026-8,0,0.0,0.0
"Lindig A., 2024, BMC Pregnancy and Childbirth",10.1186/s12884-024-06453-8,0,0.0,0.0
"Liu D., 2024, Scientific Reports",10.1038/s41598-024-59204-2,0,0.0,0.0
"Liu X., 2024, BMC Endocrine Disorders",10.1186/s12902-024-01585-6,0,0.0,0.0
"Liu X., 2024, BMC Microbiology",10.1186/s12866-024-03271-y,0,0.0,0.0
"Liu Y., 2024, BMC Medical Informatics and Decision Making",10.1186/s12911-024-02481-8,0,0.0,0.0
"Liu Y., 2024, Cardiovascular Diabetology",10.1186/s12933-024-02199-x,0,0.0,0.0
"Lompo P., 2024, Antimicrobial Resistance and Infection Control",10.1186/s13756-024-01396-3,0,0.0,0.0
"Lood Q., 2024, BMC Health Services Research",10.1186/s12913-024-10793-8,0,0.0,0.0
"Lu Y., 2024, Health Economics Review",10.1186/s13561-024-00504-8,0,0.0,0.0
"Lubbe W., 2024, International Breastfeeding Journal",10.1186/s13006-024-00634-z,0,0.0,0.0
"Lungu E.A., 2024, BMC Public Health",10.1186/s12889-024-18127-3,0,0.0,0.0
"Luo F., 2024, BMC Health Services Research",10.1186/s12913-024-11036-6,0,0.0,0.0
"Luo J., 2024, Humanities and Social Sciences Communications",10.1057/s41599-024-02976-9,0,0.0,0.0
"Luo-Yng Tay K., 2024, Journal of Mammary Gland Biology and Neoplasia",10.1007/s10911-024-09560-6,0,0.0,0.0
"Luong Q.X.T., 2024, Scientific Reports",10.1038/s41598-024-52810-0,0,0.0,0.0
"Lusendi F.M., 2024, BMC Public Health",10.1186/s12889-024-18306-2,0,0.0,0.0
"Lyimo A., 2024, BMC Pregnancy and Childbirth",10.1186/s12884-024-06337-x,0,0.0,0.0
"Lyng H.B., 2024, BMC Health Services Research",10.1186/s12913-024-10985-2,0,0.0,0.0
"Lyu Y., 2024, BMC Public Health",10.1186/s12889-024-18338-8,0,0.0,0.0
"Ma W., 2024, BMC Public Health",10.1186/s12889-024-18255-w,0,0.0,0.0
"Ma X., 2024, BMC Infectious Diseases",10.1186/s12879-024-09221-3,0,0.0,0.0
"Ma X., 2024, BMC Public Health",10.1186/s12889-024-18731-3,0,0.0,0.0
"Maaß L., 2024, npj Digital Medicine",10.1038/s41746-024-01078-9,0,0.0,0.0
"Maddumabandara K., 2024, Journal of Medical Case Reports",10.1186/s13256-024-04481-8,0,0.0,0.0
"Maghalian M., 2024, Reproductive Health",10.1186/s12978-024-01792-3,0,0.0,0.0
"Mahadevan A., 2024, Journal of Medical Systems",10.1007/s10916-024-02051-5,0,0.0,0.0
"Mahdiani H., 2024, BMC Medical Ethics",10.1186/s12910-024-01036-w,0,0.0,0.0
"Mahdieh N., 2024, Human Genomics",10.1186/s40246-024-00598-5,0,0.0,0.0
"Mahgoub E.A.A., 2024, Conflict and Health",10.1186/s13031-024-00584-7,0,0.0,0.0
"Mahlknecht A., 2024, BMC Medical Education",10.1186/s12909-024-05205-8,0,0.0,0.0
"Mahmoud M., 2024, Scientific Reports",10.1038/s41598-024-55277-1,0,0.0,0.0
"Mahmoudi M., 2024, BMC Medical Education",10.1186/s12909-024-05384-4,0,0.0,0.0
"Mailepessov D., 2024, Scientific Reports",10.1038/s41598-024-60712-4,0,0.0,0.0
"Makwana M.N., 2024, BMC Health Services Research",10.1186/s12913-024-10885-5,0,0.0,0.0
"Malden D.E., 2024, Scientific Reports",10.1038/s41598-024-57633-7,0,0.0,0.0
"Malemo L.K., 2024, BMC Surgery",10.1186/s12893-024-02386-3,0,0.0,0.0
"Maliwichi L., 2024, Scientific Reports",10.1038/s41598-024-61216-x,0,0.0,0.0
"Malmgren J., 2024, Critical Care",10.1186/s13054-024-04890-7,0,0.0,0.0
"Mandla R., 2024, Genome Medicine",10.1186/s13073-024-01337-0,0,0.0,0.0
"Manirajan P., 2024, BMC Geriatrics",10.1186/s12877-024-04930-5,0,0.0,0.0
"Manoharan A., 2024, BMC Primary Care",10.1186/s12875-024-02342-3,0,0.0,0.0
"Mao C., 2024, Nutrition Journal",10.1186/s12937-024-00945-1,0,0.0,0.0
"Maqsood K., 2024, Discover Artificial Intelligence",10.1007/s44163-024-00103-w,0,0.0,0.0
"Abed Alah M., 2024, Conflict and Health",10.1186/s13031-024-00577-6,0,0.0,0.0
"Marie P., 2024, BMC Health Services Research",10.1186/s12913-024-11003-1,0,0.0,0.0
"Maris M.T., 2024, BMC Medical Ethics",10.1186/s12910-024-01042-y,0,0.0,0.0
"Marou V., 2024, Conflict and Health",10.1186/s13031-023-00568-z,0,0.0,0.0
"Martin S., 2024, BMC Medical Ethics",10.1186/s12910-024-01040-0,0,0.0,0.0
"Martinez-Rodrigo A., 2024, Health Information Science and Systems",10.1007/s13755-024-00292-9,0,0.0,0.0
"Martins C., 2024, BMC Medical Informatics and Decision Making",10.1186/s12911-024-02497-0,0,0.0,0.0
"Marzano L., 2024, Scientific Reports",10.1038/s41598-024-60888-9,0,0.0,0.0
"Maseko L., 2024, BMC Health Services Research",10.1186/s12913-024-10965-6,0,0.0,0.0
"Masrour M., 2024, BMC Neurology",10.1186/s12883-024-03647-7,0,0.0,0.0
"Mastoi Q.-U.-A., 2024, Scientific Reports",10.1038/s41598-024-60500-0,0,0.0,0.0
"Matava C.T., 2024, Journal of Medical Systems",10.1007/s10916-024-02060-4,0,0.0,0.0
"Matsubara Y., 2024, BMC Nursing",10.1186/s12912-024-01857-5,0,0.0,0.0
"Mattheus D.J., 2025, Guidelines for Nurse Practitioners in Gynecologic Settings, 13th Edition",,0,0.0,0.0
"Mayhew S.H., 2024, Conflict and Health",10.1186/s13031-024-00589-2,0,0.0,0.0
"Mazza G.R., 2024, BMC Pregnancy and Childbirth",10.1186/s12884-024-06471-6,0,0.0,0.0
"Mazzilli S., 2024, BMC Public Health",10.1186/s12889-024-18063-2,0,0.0,0.0
"McGowan D., 2024, BMC Health Services Research",10.1186/s12913-024-10788-5,0,0.0,0.0
"McNaught E., 2024, Trials",10.1186/s13063-024-07989-y,0,0.0,0.0
"Meakin S., 2024, BMC Medicine",10.1186/s12916-024-03369-0,0,0.0,0.0
"Meese K.A., 2024, BMC Public Health",10.1186/s12889-024-18363-7,0,0.0,0.0
"Mehandru N., 2024, npj Digital Medicine",10.1038/s41746-024-01083-y,0,0.0,0.0
"Mehdipour chari K., 2024, Regenerative Therapy",10.1016/j.reth.2024.02.011,0,0.0,0.0
"Mehler-Klamt A.C., 2024, Discover Social Science and Health",10.1007/s44155-024-00074-4,0,0.0,0.0
"Mekonen B., 2024, Malaria Journal",10.1186/s12936-024-04904-3,0,0.0,0.0
"Mekonnen G., 2024, Scientific Reports",10.1038/s41598-024-56371-0,0,0.0,0.0
"Melis R., 2024, Scientific Reports",10.1038/s41598-024-57726-3,0,0.0,0.0
"Melones-Herrero J., 2024, Communications Biology",10.1038/s42003-024-06052-5,0,0.0,0.0
"Memedovich A., 2024, BMC Emergency Medicine",10.1186/s12873-024-00970-7,0,0.0,0.0
"Meng M., 2024, BMC Health Services Research",10.1186/s12913-024-10860-0,0,0.0,0.0
"Mengist B., 2024, BMC Health Services Research",10.1186/s12913-024-10825-3,0,0.0,0.0
"Merz S., 2024, International Journal for Equity in Health",10.1186/s12939-024-02156-w,0,0.0,0.0
"Metta E., 2024, BMC Pregnancy and Childbirth",10.1186/s12884-024-06396-0,0,0.0,0.0
"Michels-Zetsche J.D., 2024, BMC Medical Education",10.1186/s12909-024-05416-z,0,0.0,0.0
"Mikkelsen T.H., 2024, BMC Health Services Research",10.1186/s12913-024-10992-3,0,0.0,0.0
"Miles T.T., 2024, BMC Health Services Research",10.1186/s12913-024-10996-z,0,0.0,0.0
"Miller C.R., 2024, Humanities and Social Sciences Communications",10.1057/s41599-024-03061-x,0,0.0,0.0
"Miller J.-P., 2024, BMC Health Services Research",10.1186/s12913-024-10971-8,0,0.0,0.0
"Mira J.J., 2024, BMC Medical Education",10.1186/s12909-024-05336-y,0,0.0,0.0
"Moe J., 2024, International Journal of Emergency Medicine",10.1186/s12245-024-00616-2,0,0.0,0.0
"Moeinnia H., 2024, npj Flexible Electronics",10.1038/s41528-024-00309-z,0,0.0,0.0
"Moger T.A., 2024, BMC Health Services Research",10.1186/s12913-024-10975-4,0,0.0,0.0
"Mohan G., 2024, Discover Artificial Intelligence",10.1007/s44163-024-00110-x,0,0.0,0.0
"Molina J.D., 2024, Scientific Reports",10.1038/s41598-024-58884-0,0,0.0,0.0
"Montesanti S., 2024, BMC Primary Care",10.1186/s12875-024-02396-3,0,0.0,0.0
"Montoya I.D., 2024, Addiction Science and Clinical Practice",10.1186/s13722-024-00454-w,0,0.0,0.0
"Moore J.D., 2024, BMC Health Services Research",10.1186/s12913-024-10807-5,0,0.0,0.0
"Morales-Rodriguez D.P., 2024, Diabetology and Metabolic Syndrome",10.1186/s13098-024-01318-8,0,0.0,0.0
"Mortier P., 2024, BMC Psychiatry",10.1186/s12888-024-05659-6,0,0.0,0.0
"Moss P., 2024, BMC Health Services Research",10.1186/s12913-024-10920-5,0,0.0,0.0
"Motamedi M., 2024, BMC Health Services Research",10.1186/s12913-024-10791-w,0,0.0,0.0
"Mourits B.M.P., 2024, Journal of Patient-Reported Outcomes",10.1186/s41687-024-00724-w,0,0.0,0.0
"Moñivas Gallego E., 2024, Regenerative Therapy",10.1016/j.reth.2024.03.026,0,0.0,0.0
"Mun M., 2024, BMC Nursing",10.1186/s12912-024-01903-2,0,0.0,0.0
"Munneke W., 2024, BMC Medical Education",10.1186/s12909-024-05308-2,0,0.0,0.0
"Murias Quintana E., 2024, BMC Medical Education",10.1186/s12909-024-05324-2,0,0.0,0.0
"Murray R., 2024, Systematic Reviews",10.1186/s13643-024-02518-z,0,0.0,0.0
"Murugesu L., 2024, PEC Innovation",10.1016/j.pecinn.2024.100278,0,0.0,0.0
"Muscogiuri G., 2024, Journal of Translational Medicine",10.1186/s12967-024-05007-y,0,0.0,0.0
"Mushi D., 2024, BMC Health Services Research",10.1186/s12913-024-10687-9,0,0.0,0.0
"Mwakawanga D.L., 2024, BMC Women's Health",10.1186/s12905-024-03034-x,0,0.0,0.0
"Myklebust L.H., 2024, BMC Health Services Research",10.1186/s12913-024-10767-w,0,0.0,0.0
"Möckli N., 2024, BMC Health Services Research",10.1186/s12913-024-10751-4,0,0.0,0.0
"Møller O.M., 2024, BMC Health Services Research",10.1186/s12913-024-10868-6,0,0.0,0.0
"Nabei J.N., 2024, BMC Infectious Diseases",10.1186/s12879-024-09247-7,0,0.0,0.0
"Naesager A.H.D., 2024, BMC Psychiatry",10.1186/s12888-024-05743-x,0,0.0,0.0
"Naidoo S., 2024, Chiropractic and Manual Therapies",10.1186/s12998-024-00534-3,0,0.0,0.0
"Nakajo K., 2024, International Journal of Colorectal Disease",10.1007/s00384-024-04636-5,0,0.0,0.0
"Namsrai T., 2024, Orphanet Journal of Rare Diseases",10.1186/s13023-024-03152-7,0,0.0,0.0
"Nan S.N., 2024, BMC Medical Informatics and Decision Making",10.1186/s12911-024-02456-9,0,0.0,0.0
"Nanaw J., 2024, BMC Public Health",10.1186/s12889-024-18526-6,0,0.0,0.0
"Nandagopal M., 2024, Scientific Reports",10.1038/s41598-024-59846-2,0,0.0,0.0
"Nanninga E.K., 2024, BMC Health Services Research",10.1186/s12913-024-10737-2,0,0.0,0.0
"Nasrabadi A.N., 2024, Health in Emergencies and Disasters Quarterly",10.32598/hdq.9.2.556.1,0,0.0,0.0
"Nassar M., 2024, BMC Medical Education",10.1186/s12909-024-05488-x,0,0.0,0.0
"Nasser S.C., 2024, BMC Medical Education",10.1186/s12909-024-05425-y,0,0.0,0.0
"Naz L., 2024, BMC Public Health",10.1186/s12889-024-18320-4,0,0.0,0.0
"Naznin F., 2024, Social Network Analysis and Mining",10.1007/s13278-024-01241-w,0,0.0,0.0
"Ndasauka Y., 2024, Scientific Reports",10.1038/s41598-024-60042-5,0,0.0,0.0
"Nelson B.W., 2024, BMC Public Health",10.1186/s12889-024-18412-1,0,0.0,0.0
"Nelson K., 2024, BMC Public Health",10.1186/s12889-024-18390-4,0,0.0,0.0
"Nengnong C.B., 2024, Malaria Journal",10.1186/s12936-024-04905-2,0,0.0,0.0
"Newlands R., 2024, BMC Health Services Research",10.1186/s12913-024-10926-z,0,0.0,0.0
"Newson R.S., 2024, BMC Primary Care",10.1186/s12875-024-02390-9,0,0.0,0.0
"Ngomtcho S.C.H., 2024, BMC Infectious Diseases",10.1186/s12879-024-09119-0,0,0.0,0.0
"Nguyen H.B., 2024, Infectious Diseases of Poverty",10.1186/s40249-024-01196-2,0,0.0,0.0
"Nichol P.F., 2024, BMC Surgery",10.1186/s12893-024-02407-1,0,0.0,0.0
"Nielsen L.D., 2024, BMC Medical Education",10.1186/s12909-024-05259-8,0,0.0,0.0
"Niemenoja O., 2024, BMC Health Services Research",10.1186/s12913-024-10987-0,0,0.0,0.0
"Nili M., 2024, BMC Pulmonary Medicine",10.1186/s12890-024-02929-7,0,0.0,0.0
"Nisim U., 2024, Israel Journal of Health Policy Research",10.1186/s13584-024-00605-z,0,0.0,0.0
"Nithya R., 2024, Network Modeling Analysis in Health Informatics and Bioinformatics",10.1007/s13721-024-00447-4,0,0.0,0.0
"Nixon P., 2024, BMC Health Services Research",10.1186/s12913-024-11024-w,0,0.0,0.0
"Noel N.L., 2024, Reproductive Health",10.1186/s12978-024-01777-2,0,0.0,0.0
"Nordeck C.D., 2024, Addiction Science and Clinical Practice",10.1186/s13722-024-00463-9,0,0.0,0.0
"Nordgren J., 2024, Addiction Science and Clinical Practice",10.1186/s13722-024-00458-6,0,0.0,0.0
"Norouzkhani N., 2024, BMC Gastroenterology",10.1186/s12876-024-03214-x,0,0.0,0.0
"Nsubuga M., 2024, BMC Genomics",10.1186/s12864-024-10214-4,0,0.0,0.0
"Nummedal M.A., 2024, International Journal of Emergency Medicine",10.1186/s12245-024-00638-w,0,0.0,0.0
"Nyande F.K., 2024, BMC Nursing",10.1186/s12912-024-01811-5,0,0.0,0.0
"Nyiringango G., 2024, BMC Medical Education",10.1186/s12909-024-05440-z,0,0.0,0.0
"Obadan-Udoh E., 2024, BMC Oral Health",10.1186/s12903-024-04030-1,0,0.0,0.0
"Odongo D.O., 2024, BMC Public Health",10.1186/s12889-024-18592-w,0,0.0,0.0
"Oftring Z.S., 2024, BMC Pediatrics",10.1186/s12887-024-04730-1,0,0.0,0.0
"Ogugu E.G., 2024, International Journal for Equity in Health",10.1186/s12939-024-02181-9,0,0.0,0.0
"Ogunbajo A., 2024, BMC Primary Care",10.1186/s12875-024-02370-z,0,0.0,0.0
"Ogut E., 2024, Beni-Suef University Journal of Basic and Applied Sciences",10.1186/s43088-024-00491-z,0,0.0,0.0
"Ohbe H., 2024, Journal of Intensive Care",10.1186/s40560-024-00718-2,0,0.0,0.0
"Ohlenburg H., 2024, BMC Medical Education",10.1186/s12909-024-05438-7,0,0.0,0.0
"Ohta R., 2024, BMC Primary Care",10.1186/s12875-024-02379-4,0,0.0,0.0
"Okonji A.M., 2024, BMC Psychology",10.1186/s40359-024-01721-w,0,0.0,0.0
"Okyere J., 2024, BMC Health Services Research",10.1186/s12913-024-10881-9,0,0.0,0.0
"Okyere J., 2024, BMC Public Health",10.1186/s12889-024-18552-4,0,0.0,0.0
"Olatunji G., 2024, International Journal of Emergency Medicine",10.1186/s12245-024-00607-3,0,0.0,0.0
"Olwanda E., 2024, BMC Women's Health",10.1186/s12905-024-02965-9,0,0.0,0.0
"Omale U.I., 2024, Malaria Journal",10.1186/s12936-024-04958-3,0,0.0,0.0
"Ordóñez J.E., 2024, BMC Infectious Diseases",10.1186/s12879-024-09300-5,0,0.0,0.0
"Orellana M., 2024, BMC Women's Health",10.1186/s12905-024-03008-z,0,0.0,0.0
"Oriokot L., 2024, BMC Medical Education",10.1186/s12909-024-05412-3,0,0.0,0.0
"Orozco-Núñez E., 2024, Health Research Policy and Systems",10.1186/s12961-024-01125-7,0,0.0,0.0
"Ortiz-Barrios M., 2024, International Journal of Emergency Medicine",10.1186/s12245-024-00626-0,0,0.0,0.0
"Oseni A.O., 2024, CVIR Endovascular",10.1186/s42155-024-00442-w,0,0.0,0.0
"Ostrach B., 2024, Health and Justice",10.1186/s40352-024-00270-z,0,0.0,0.0
"Ouanes S., 2024, Annals of General Psychiatry",10.1186/s12991-024-00499-w,0,0.0,0.0
"Owusu B.A., 2024, BMC Public Health",10.1186/s12889-024-18590-y,0,0.0,0.0
"O’Neill S.F.D., 2024, Chiropractic and Manual Therapies",10.1186/s12998-024-00532-5,0,0.0,0.0
"Packendorff N., 2024, Scandinavian Journal of Trauma, Resuscitation and Emergency Medicine",10.1186/s13049-024-01209-x,0,0.0,0.0
"Zhang Z., 2024, Discover Nano",10.1186/s11671-024-04004-w,0,0.0,0.0
"Pajunen H., 2024, Scientific Reports",10.1038/s41598-024-56835-3,0,0.0,0.0
"Ahmed F., 2024, BMC Public Health",10.1186/s12889-024-18377-1,0,0.0,0.0
"Pan Y., 2024, BMC Nephrology",10.1186/s12882-024-03575-1,0,0.0,0.0
"Panahi N., 2024, BMC Geriatrics",10.1186/s12877-024-04878-6,0,0.0,0.0
"Panda R., 2024, Human Resources for Health",10.1186/s12960-024-00907-y,0,0.0,0.0
"Pandolfi E., 2024, BMC Infectious Diseases",10.1186/s12879-024-09229-9,0,0.0,0.0
"Paniagua-Avila A., 2024, Implementation Science Communications",10.1186/s43058-024-00560-5,0,0.0,0.0
"Paramalingam A., 2024, BMC Emergency Medicine",10.1186/s12873-024-00972-5,0,0.0,0.0
"Park J.S., 2024, BMC Emergency Medicine",10.1186/s12873-024-00978-z,0,0.0,0.0
"Parrón I., 2024, Epidemiology and Infection",10.1017/S0950268823001851,0,0.0,0.0
"Parsons Leigh J., 2024, Archives of Public Health",10.1186/s13690-024-01279-4,0,0.0,0.0
"Pasay-an E., 2024, BMC Nursing",10.1186/s12912-024-01950-9,0,0.0,0.0
"Patel V.C., 2024, Trials",10.1186/s13063-024-08063-3,0,0.0,0.0
"Pearson A., 2024, BMC Health Services Research",10.1186/s12913-024-10884-6,0,0.0,0.0
"Pedersen S., 2024, BMC Medical Education",10.1186/s12909-024-05426-x,0,0.0,0.0
"Peter S., 2024, BMC Health Services Research",10.1186/s12913-024-11017-9,0,0.0,0.0
"Pettersen S., 2024, BMC Health Services Research",10.1186/s12913-024-10867-7,0,0.0,0.0
"Peyman H., 2024, Archives of Osteoporosis",10.1007/s11657-024-01380-9,0,0.0,0.0
"Pfeuffer N., 2024, BMC Health Services Research",10.1186/s12913-024-10888-2,0,0.0,0.0
"Piccoli L., 2024, Comparative Migration Studies",10.1186/s40878-024-00372-5,0,0.0,0.0
"Pineda P., 2024, BMC Medical Education",10.1186/s12909-024-05443-w,0,0.0,0.0
"Pinsky M.R., 2024, Critical Care",10.1186/s13054-024-04860-z,0,0.0,0.0
"Pinto e Vairo F., 2024, Journal of Translational Medicine",10.1186/s12967-024-05185-9,0,0.0,0.0
"Piret E.M., 2024, Harm Reduction Journal",10.1186/s12954-024-00956-5,0,0.0,0.0
"Piroozi B., 2024, BMC Pregnancy and Childbirth",10.1186/s12884-024-06492-1,0,0.0,0.0
"Pithavadian R., 2024, BMC Women's Health",10.1186/s12905-024-03026-x,0,0.0,0.0
"Pomey M.-P., 2024, European Journal of Medical Research",10.1186/s40001-024-01803-w,0,0.0,0.0
"Powell D., 2024, npj Digital Medicine",10.1038/s41746-024-01087-8,0,0.0,0.0
"Pozdzik A., 2024, Urolithiasis",10.1007/s00240-024-01563-6,0,0.0,0.0
"Pozo-Rosich P., 2024, BMC Neurology",10.1186/s12883-024-03600-8,0,0.0,0.0
"Pozo-Rosich P., 2024, Journal of Headache and Pain",10.1186/s10194-024-01747-w,0,0.0,0.0
"Pungchompoo W., 2024, BMC Geriatrics",10.1186/s12877-024-04981-8,0,0.0,0.0
"Qi X., 2024, Systematic Reviews",10.1186/s13643-024-02507-2,0,0.0,0.0
"Qiao X., 2024, Cell Communication and Signaling",10.1186/s12964-024-01620-y,0,0.0,0.0
"Quaidoo T.G., 2024, BMC Palliative Care",10.1186/s12904-024-01411-9,0,0.0,0.0
"Quayle E., 2024, BMC Psychiatry",10.1186/s12888-024-05605-6,0,0.0,0.0
"Queiroz G., 2024, BMC Public Health",10.1186/s12889-024-17761-1,0,0.0,0.0
"Quek J.S., 2024, BMC Primary Care",10.1186/s12875-024-02368-7,0,0.0,0.0
"Quist A.J.L., 2024, Environmental Health: A Global Access Science Source",10.1186/s12940-024-01071-5,0,0.0,0.0
"Rae V.I., 2024, BMC Medical Education",10.1186/s12909-024-05413-2,0,0.0,0.0
"Rahban A., 2024, Health Policy OPEN",10.1016/j.hpopen.2024.100120,0,0.0,0.0
"Rahimi Esbo S., 2024, BMC Psychology",10.1186/s40359-024-01685-x,0,0.0,0.0
"Rakers M., 2024, BMC Primary Care",10.1186/s12875-024-02355-y,0,0.0,0.0
"Ramadan A., 2024, BMC Public Health",10.1186/s12889-024-18553-3,0,0.0,0.0
"Ramadani R.V., 2024, BMC Public Health",10.1186/s12889-024-18301-7,0,0.0,0.0
"Ramalingam S., 2024, Journal of Advanced Research in Applied Sciences and Engineering Technology",10.37934/araset.42.2.122132,0,0.0,0.0
"Raman R., 2024, Journal of Big Data",10.1186/s40537-024-00920-x,0,0.0,0.0
"Randriamboarison D., 2024, BMC Pregnancy and Childbirth",10.1186/s12884-024-06404-3,0,0.0,0.0
"Rawas S., 2024, Discover Artificial Intelligence",10.1007/s44163-024-00118-3,0,0.0,0.0
"Rayan-Gharra N., 2024, BMC Medical Education",10.1186/s12909-024-05272-x,0,0.0,0.0
"Raycheva R., 2024, Orphanet Journal of Rare Diseases",10.1186/s13023-024-03162-5,0,0.0,0.0
"Reddy S., 2024, Implementation Science",10.1186/s13012-024-01357-9,0,0.0,0.0
"Reeves V., 2024, BMC Psychiatry",10.1186/s12888-024-05664-9,0,0.0,0.0
"Regehr C., 2024, Advances in Simulation",10.1186/s41077-024-00286-3,0,0.0,0.0
"Reis S.P., 2024, Israel Journal of Health Policy Research",10.1186/s13584-024-00608-w,0,0.0,0.0
"Richelle L., 2024, BMC Medical Education",10.1186/s12909-024-05380-8,0,0.0,0.0
"Ridha B., 2024, BMC Emergency Medicine",10.1186/s12873-024-00990-3,0,0.0,0.0
"Rio C.J., 2024, Systematic Reviews",10.1186/s13643-024-02498-0,0,0.0,0.0
"Rizan C., 2024, Journal of Robotic Surgery",10.1007/s11701-024-01899-6,0,0.0,0.0
"Roach P., 2024, BMC Medical Ethics",10.1186/s12910-024-01045-9,0,0.0,0.0
"de Carvalho Matias E.G., 2024, Scientific Reports",10.1038/s41598-024-58441-9,0,0.0,0.0
"da Cunha Agostini L., 2024, Molecular Biology Reports",10.1007/s11033-024-09437-1,0,0.0,0.0
"Rokicki S., 2024, BMC Public Health",10.1186/s12889-024-18517-7,0,0.0,0.0
"Rolke K., 2024, BMC Health Services Research",10.1186/s12913-024-11052-6,0,0.0,0.0
"Abbaticchio A., 2024, BMC Health Services Research",10.1186/s12913-024-10966-5,0,0.0,0.0
"Rosenblum O., 2024, BMC Medical Education",10.1186/s12909-024-05381-7,0,0.0,0.0
"Rosvall A., 2024, Journal of Patient-Reported Outcomes",10.1186/s41687-024-00710-2,0,0.0,0.0
"Rosário J., 2024, BMC Public Health",10.1186/s12889-024-18358-4,0,0.0,0.0
"Rueger M.S., 2024, BMC Psychiatry",10.1186/s12888-024-05784-2,0,0.0,0.0
"Rui J., 2024, Infectious Diseases of Poverty",10.1186/s40249-024-01195-3,0,0.0,0.0
"Rwigi D., 2024, BMC Microbiology",10.1186/s12866-024-03284-7,0,0.0,0.0
"Sabahno H., 2024, Scientific Reports",10.1038/s41598-024-59549-8,0,0.0,0.0
"Sabherwal A.K., 2024, Discover Sustainability",10.1007/s43621-024-00213-6,0,0.0,0.0
"Saboor A., 2024, Scientific Reports",10.1038/s41598-024-56983-6,0,0.0,0.0
"Saeidnia H.R., 2024, Scientific Reports",10.1038/s41598-024-61068-5,0,0.0,0.0
"Abensur Vuillaume L., 2024, BMC Medical Education",10.1186/s12909-024-05429-8,0,0.0,0.0
"Salameh B., 2024, BMC Nursing",10.1186/s12912-024-01897-x,0,0.0,0.0
"Saleem A., 2024, Egyptian Journal of Otolaryngology",10.1186/s43163-024-00598-1,0,0.0,0.0
"Sales R.K., 2024, Health Research Policy and Systems",10.1186/s12961-024-01142-6,0,0.0,0.0
"Salussolia A., 2024, BMC Infectious Diseases",10.1186/s12879-024-09344-7,0,0.0,0.0
"Sambodo N.P., 2024, Environmental Health: A Global Access Science Source",10.1186/s12940-024-01079-x,0,0.0,0.0
"Sangiorgi L., 2024, Orphanet Journal of Rare Diseases",10.1186/s13023-024-03185-y,0,0.0,0.0
"Sarani A., 2024, BMC Emergency Medicine",10.1186/s12873-024-00993-0,0,0.0,0.0
"Sarubo M., 2024, Scientific Reports",10.1038/s41598-024-57478-0,0,0.0,0.0
"Sasaki N., 2024, Pilot and Feasibility Studies",10.1186/s40814-024-01481-9,0,0.0,0.0
"Saturno-Hernández P., 2024, BMC Health Services Research",10.1186/s12913-024-10937-w,0,0.0,0.0
"Schmachtenberg T., 2024, BMC Public Health",10.1186/s12889-024-18380-6,0,0.0,0.0
"Schmid S.V., 2024, BMC Pediatrics",10.1186/s12887-024-04758-3,0,0.0,0.0
"Aboelnaga N., 2024, Cell Communication and Signaling",10.1186/s12964-024-01511-2,0,0.0,0.0
"Schmitt T., 2024, Health Research Policy and Systems",10.1186/s12961-024-01143-5,0,0.0,0.0
"Schulmann K., 2024, BMC Health Services Research",10.1186/s12913-024-11048-2,0,0.0,0.0
"Schwartzberg E., 2024, Israel Journal of Health Policy Research",10.1186/s13584-024-00600-4,0,0.0,0.0
"Scutari M., 2024, Scientific Reports",10.1038/s41598-024-60937-3,0,0.0,0.0
"Sedgwick M., 2024, BMC Palliative Care",10.1186/s12904-024-01440-4,0,0.0,0.0
"Segar L.B., 2024, BMC Psychiatry",10.1186/s12888-024-05632-3,0,0.0,0.0
"Sehgal A., 2024, BMC Primary Care",10.1186/s12875-024-02362-z,0,0.0,0.0
"Sepahvand F., 2024, BMC Psychology",10.1186/s40359-024-01722-9,0,0.0,0.0
"Servadio M., 2024, Italian Journal of Pediatrics",10.1186/s13052-024-01627-8,0,0.0,0.0
"Shahrzad S., 2024, BMC Nursing",10.1186/s12912-024-01932-x,0,0.0,0.0
"Shakhshir M.H., 2024, BMC Cancer",10.1186/s12885-024-12289-4,0,0.0,0.0
"Shaltynov A., 2024, Scientific Reports",10.1038/s41598-024-59742-9,0,0.0,0.0
"Abu-Lubad M.A., 2024, Journal of the Egyptian Public Health Association",10.1186/s42506-024-00153-z,0,0.0,0.0
"Sharif-Nia H., 2024, Scientific Reports",10.1038/s41598-024-60679-2,0,0.0,0.0
"Shen J., 2024, Trials",10.1186/s13063-024-08049-1,0,0.0,0.0
"Shen S., 2024, BMC Geriatrics",10.1186/s12877-024-04964-9,0,0.0,0.0
"Shi H., 2024, International Journal for Equity in Health",10.1186/s12939-024-02146-y,0,0.0,0.0
"Shirai C., 2024, BMC Health Services Research",10.1186/s12913-024-10814-6,0,0.0,0.0
"Shrestha R., 2024, BMC Women's Health",10.1186/s12905-024-03064-5,0,0.0,0.0
"Silcox C., 2024, npj Digital Medicine",10.1038/s41746-024-01097-6,0,0.0,0.0
"Simegn W., 2024, BMC Women's Health",10.1186/s12905-024-03036-9,0,0.0,0.0
"Simons M., 2024, BMC Medical Education",10.1186/s12909-024-05409-y,0,0.0,0.0
"Simuyemba M.C., 2024, BMC Infectious Diseases",10.1186/s12879-024-09222-2,0,0.0,0.0
"Sineke T., 2024, BMC Public Health",10.1186/s12889-024-18471-4,0,0.0,0.0
"Singer L., 2024, BMC Medical Education",10.1186/s12909-024-05278-5,0,0.0,0.0
"Singh K., 2024, Health and Justice",10.1186/s40352-024-00274-9,0,0.0,0.0
"Singh R., 2024, Scientific Reports",10.1038/s41598-024-58717-0,0,0.0,0.0
"Sivanandam L.K., 2024, Journal of Medical Case Reports",10.1186/s13256-024-04455-w,0,0.0,0.0
"Smythe T., 2024, BMC Health Services Research",10.1186/s12913-024-10918-z,0,0.0,0.0
"Solbakken L.E., 2024, BMC Psychiatry",10.1186/s12888-024-05736-w,0,0.0,0.0
"Solh Dost L., 2024, BMC Health Services Research",10.1186/s12913-024-10959-4,0,0.0,0.0
"Solis E.C., 2024, Trials",10.1186/s13063-024-08033-9,0,0.0,0.0
"Sommer D., 2024, BMC Nursing",10.1186/s12912-024-01884-2,0,0.0,0.0
"Song W., 2024, Network Modeling Analysis in Health Informatics and Bioinformatics",10.1007/s13721-024-00449-2,0,0.0,0.0
"Sooro M.A., 2024, BMC Complementary Medicine and Therapies",10.1186/s12906-024-04388-3,0,0.0,0.0
"Srichalerm T., 2024, International Breastfeeding Journal",10.1186/s13006-024-00620-5,0,0.0,0.0
"Steel A., 2024, BMC Primary Care",10.1186/s12875-024-02359-8,0,0.0,0.0
"Stenmarck M.S., 2024, BMC Health Services Research",10.1186/s12913-024-10892-6,0,0.0,0.0
"Stewart D., 2024, Globalization and Health",10.1186/s12992-024-01031-1,0,0.0,0.0
"Stroth L.C., 2024, BMC Health Services Research",10.1186/s12913-024-10848-w,0,0.0,0.0
"Su J.J., 2024, BMC Nursing",10.1186/s12912-024-01827-x,0,0.0,0.0
"Su M., 2024, BMC Public Health",10.1186/s12889-024-18068-x,0,0.0,0.0
"Sudha G., 2024, Health Information Science and Systems",10.1007/s13755-024-00284-9,0,0.0,0.0
"Sulaiman N., 2024, BMC Medical Education",10.1186/s12909-024-05134-6,0,0.0,0.0
"Sun T.-H., 2024, Nature Communications",10.1038/s41467-024-47472-5,0,0.0,0.0
"Sung B., 2024, BMC Health Services Research",10.1186/s12913-024-10947-8,0,0.0,0.0
"Svendsen S.J., 2024, BMC Palliative Care",10.1186/s12904-024-01434-2,0,0.0,0.0
"Szabo S.M., 2024, International Journal of Technology Assessment in Health Care",10.1017/S0266462323002829,0,0.0,0.0
"Szadkowski B., 2024, Scientific Reports",10.1038/s41598-024-59105-4,0,0.0,0.0
"Abuawad M., 2024, BMC Medical Education",10.1186/s12909-024-05276-7,0,0.0,0.0
"Sánchez-Valle J., 2024, BMC Medicine",10.1186/s12916-024-03384-1,0,0.0,0.0
"Søjbjerg A., 2024, Trials",10.1186/s13063-024-08115-8,0,0.0,0.0
"Sørensen L., 2024, BMC Health Services Research",10.1186/s12913-024-10857-9,0,0.0,0.0
"Sיhafran Tikva S., 2024, Israel Journal of Health Policy Research",10.1186/s13584-024-00601-3,0,0.0,0.0
"Taborda J.C.M., 2024, BMC Medical Education",10.1186/s12909-024-05354-w,0,0.0,0.0
"Takougang I., 2024, BMC Health Services Research",10.1186/s12913-024-10855-x,0,0.0,0.0
"Taladay-Carter C., 2024, PEC Innovation",10.1016/j.pecinn.2024.100276,0,0.0,0.0
"Tamanna S.S., 2024, BMC Nursing",10.1186/s12912-024-01870-8,0,0.0,0.0
"Tan R., 2024, BMC Primary Care",10.1186/s12875-024-02349-w,0,0.0,0.0
"Tang S., 2024, Pilot and Feasibility Studies",10.1186/s40814-024-01474-8,0,0.0,0.0
"Taqi M., 2024, BMC Primary Care",10.1186/s12875-024-02398-1,0,0.0,0.0
"Taqif H., 2024, BMC Health Services Research",10.1186/s12913-024-10899-z,0,0.0,0.0
"Tartari E., 2024, Antimicrobial Resistance and Infection Control",10.1186/s13756-024-01399-0,0,0.0,0.0
"Tassie E., 2024, BMC Health Services Research",10.1186/s12913-024-10553-8,0,0.0,0.0
"Tavakoli F., 2024, BMC Health Services Research",10.1186/s12913-024-11049-1,0,0.0,0.0
"Telles V.M., 2024, BMC Health Services Research",10.1186/s12913-024-10749-y,0,0.0,0.0
"Tesfay W., 2024, BMC Pediatrics",10.1186/s12887-024-04711-4,0,0.0,0.0
"Thambinathan V., 2024, BMC Health Services Research",10.1186/s12913-023-10140-3,0,0.0,0.0
"Thangavelu P.D., 2024, BMC Medical Ethics",10.1186/s12910-024-01028-w,0,0.0,0.0
"Thompson N., 2024, BMC Geriatrics",10.1186/s12877-024-04965-8,0,0.0,0.0
"Thompson N., 2024, Conflict and Health",10.1186/s13031-024-00592-7,0,0.0,0.0
"Thomsen H.S., 2024, BMC Nursing",10.1186/s12912-024-01888-y,0,0.0,0.0
"Thorud H.-M.S., 2024, BMC Pediatrics",10.1186/s12887-024-04681-7,0,0.0,0.0
"Thursby S., 2024, BMC Medical Education",10.1186/s12909-024-05306-4,0,0.0,0.0
"Tian Y., 2024, Scientific Reports",10.1038/s41598-024-59865-z,0,0.0,0.0
"Tien Y.-H., 2024, Scientific Reports",10.1038/s41598-024-57675-x,0,0.0,0.0
"Tiruneh M.G., 2024, BMC Health Services Research",10.1186/s12913-024-10934-z,0,0.0,0.0
"To-Mai X.-H., 2024, Scientific Reports",10.1038/s41598-024-57513-0,0,0.0,0.0
"Toni E., 2024, BMC Medical Informatics and Decision Making",10.1186/s12911-024-02507-1,0,0.0,0.0
"Toor T., 2024, Journal of Patient-Reported Outcomes",10.1186/s41687-024-00721-z,0,0.0,0.0
"Torri V., 2024, BMC Medical Informatics and Decision Making",10.1186/s12911-024-02506-2,0,0.0,0.0
"Torsello M., 2024, Pediatric Surgery International",10.1007/s00383-024-05679-z,0,0.0,0.0
"Touma S., 2024, International Journal of Retina and Vitreous",10.1186/s40942-024-00555-3,0,0.0,0.0
"Trabitzsch J., 2024, BMC Cancer",10.1186/s12885-024-12294-7,0,0.0,0.0
"Tran P.B., 2024, Health Research Policy and Systems",10.1186/s12961-024-01113-x,0,0.0,0.0
"Tsega Y., 2024, Cost Effectiveness and Resource Allocation",10.1186/s12962-024-00543-2,0,0.0,0.0
"Tucker R., 2024, Archives of Public Health",10.1186/s13690-024-01283-8,0,0.0,0.0
"Tun T.Z., 2024, Tropical Medicine and Health",10.1186/s41182-024-00592-6,0,0.0,0.0
"Twycross R., 2024, BMC Palliative Care",10.1186/s12904-024-01422-6,0,0.0,0.0
"Udas S., 2024, BMC Public Health",10.1186/s12889-024-18690-9,0,0.0,0.0
"Ugwu L.E., 2024, Scientific Reports",10.1038/s41598-024-60882-1,0,0.0,0.0
"Ukert B., 2024, BMC Health Services Research",10.1186/s12913-024-10898-0,0,0.0,0.0
"Unger M., 2024, Genome Medicine",10.1186/s13073-024-01315-6,0,0.0,0.0
"Urgessa F., 2024, BMC Cancer",10.1186/s12885-024-12282-x,0,0.0,0.0
"Utalo D., 2024, BMC Health Services Research",10.1186/s12913-024-10813-7,0,0.0,0.0
"Utpat S., 2024, Epidemiology and Infection",10.1017/S0950268823001917,0,0.0,0.0
"Vahedian-Azimi A., 2024, International Journal of Emergency Medicine",10.1186/s12245-024-00608-2,0,0.0,0.0
"Valente M., 2024, Conflict and Health",10.1186/s13031-024-00594-5,0,0.0,0.0
"Vallone F., 2024, BMC Psychology",10.1186/s40359-024-01676-y,0,0.0,0.0
"Van Eekert N., 2024, BMC Women's Health",10.1186/s12905-024-03079-y,0,0.0,0.0
"Varaei S., 2024, BMC Nursing",10.1186/s12912-024-01859-3,0,0.0,0.0
"Veronese N., 2024, Aging Clinical and Experimental Research",10.1007/s40520-024-02747-1,0,0.0,0.0
"Vicentini C., 2024, Antimicrobial Resistance and Infection Control",10.1186/s13756-024-01398-1,0,0.0,0.0
"Vivekrabinson K., 2024, Journal of Medical Systems",10.1007/s10916-024-02053-3,0,0.0,0.0
"Vogt K.S., 2024, BMC Health Services Research",10.1186/s12913-023-10468-w,0,0.0,0.0
"Volkow P., 2024, Antimicrobial Resistance and Infection Control",10.1186/s13756-024-01390-9,0,0.0,0.0
"Vonken L., 2024, BMC Health Services Research",10.1186/s12913-024-10878-4,0,0.0,0.0
"Wagner W., 2024, Orphanet Journal of Rare Diseases",10.1186/s13023-024-03109-w,0,0.0,0.0
"Walid R., 2024, Scientific Reports",10.1038/s41598-024-57692-w,0,0.0,0.0
"Wandera S.O., 2024, BMC Health Services Research",10.1186/s12913-024-10741-6,0,0.0,0.0
"Sakuma Y., 2024, Trials",10.1186/s13063-024-08108-7,0,0.0,0.0
"Wang H., 2024, BMC Health Services Research",10.1186/s12913-024-10777-8,0,0.0,0.0
"Wang H.-Y., 2024, BMC Pulmonary Medicine",10.1186/s12890-024-02947-5,0,0.0,0.0
"Wang J., 2024, Global Health Research and Policy",10.1186/s41256-024-00350-5,0,0.0,0.0
"Wang J., 2024, Humanities and Social Sciences Communications",10.1057/s41599-024-03076-4,0,0.0,0.0
"Wang J., 2024, International Journal of Computational Intelligence Systems",10.1007/s44196-024-00489-6,0,0.0,0.0
"Wang M., 2024, Antimicrobial Resistance and Infection Control",10.1186/s13756-024-01392-7,0,0.0,0.0
"Wang R., 2024, Scientific Reports",10.1038/s41598-024-59132-1,0,0.0,0.0
"Wangler J., 2024, Archives of Public Health",10.1186/s13690-024-01272-x,0,0.0,0.0
"Warp P.V., 2024, Harm Reduction Journal",10.1186/s12954-024-00978-z,0,0.0,0.0
"Washirasaksiri C., 2024, Scientific Reports",10.1038/s41598-024-58739-8,0,0.0,0.0
"Watson J., 2024, BMC Health Services Research",10.1186/s12913-024-11035-7,0,0.0,0.0
"Weber V., 2024, BMC Health Services Research",10.1186/s12913-024-10819-1,0,0.0,0.0
"Wechsler J.R., 2024, BMC Medical Education",10.1186/s12909-024-05417-y,0,0.0,0.0
"Wei D., 2024, Journal of Headache and Pain",10.1186/s10194-024-01763-w,0,0.0,0.0
"Wen X., 2024, BMC Pediatrics",10.1186/s12887-024-04763-6,0,0.0,0.0
"Wennekes M.D., 2024, Archives of Public Health",10.1186/s13690-024-01278-5,0,0.0,0.0
"Westerheim I., 2024, Orphanet Journal of Rare Diseases",10.1186/s13023-024-03126-9,0,0.0,0.0
"Wiedermann C.J., 2024, Trials",10.1186/s13063-024-08041-9,0,0.0,0.0
"Wiik A.B., 2024, BMC Health Services Research",10.1186/s12913-024-10879-3,0,0.0,0.0
"Wiles L., 2024, BMC Health Services Research",10.1186/s12913-024-10795-6,0,0.0,0.0
"Wilkens J., 2024, International Journal for Equity in Health",10.1186/s12939-024-02184-6,0,0.0,0.0
"Willem L., 2024, BMC Public Health",10.1186/s12889-024-18576-w,0,0.0,0.0
"Williams N.J., 2024, Implementation Science",10.1186/s13012-024-01356-w,0,0.0,0.0
"Wilson L.M., 2024, BMC Pediatrics",10.1186/s12887-024-04751-w,0,0.0,0.0
"Wolde H.M., 2024, BMC Pulmonary Medicine",10.1186/s12890-024-02950-w,0,0.0,0.0
"Woldegeorgis B.Z., 2024, BMC Infectious Diseases",10.1186/s12879-024-09366-1,0,0.0,0.0
"Wolever R.Q., 2024, BMC Health Services Research",10.1186/s12913-024-10704-x,0,0.0,0.0
"Wong B., 2024, BMC Geriatrics",10.1186/s12877-024-04919-0,0,0.0,0.0
"Woolf C., 2024, BMC Psychiatry",10.1186/s12888-023-05391-7,0,0.0,0.0
"Worsfold M.E., 2024, BMC Medical Education",10.1186/s12909-024-05319-z,0,0.0,0.0
"Wright D.N., 2024, Scientific Reports",10.1038/s41598-024-58019-5,0,0.0,0.0
"Wu J.-J., 2024, International Breastfeeding Journal",10.1186/s13006-024-00630-3,0,0.0,0.0
"Wu X., 2024, Nature Communications",10.1038/s41467-024-47211-w,0,0.0,0.0
"Wu Y., 2024, Cost Effectiveness and Resource Allocation",10.1186/s12962-024-00539-y,0,0.0,0.0
"Wu Y.-H., 2024, Scientific Reports",10.1038/s41598-024-56692-0,0,0.0,0.0
"Wu Z., 2024, Communications Materials",10.1038/s43246-024-00468-6,0,0.0,0.0
"Wéber A., 2024, World Journal of Urology",10.1007/s00345-024-04949-8,0,0.0,0.0
"Xia Y., 2024, BMC Medical Informatics and Decision Making",10.1186/s12911-024-02509-z,0,0.0,0.0
"Xiao H., 2024, Scientific Reports",10.1038/s41598-024-59397-6,0,0.0,0.0
"Xiao Y., 2024, BMC Medical Research Methodology",10.1186/s12874-024-02214-5,0,0.0,0.0
"Abubeker K.M., 2024, Scientific Reports",10.1038/s41598-024-56677-z,0,0.0,0.0
"Xing L., 2024, BMC Nursing",10.1186/s12912-024-01828-w,0,0.0,0.0
"Xiong Y., 2024, BMC Health Services Research",10.1186/s12913-024-10941-0,0,0.0,0.0
"Xu F., 2024, Annals of General Psychiatry",10.1186/s12991-024-00497-y,0,0.0,0.0
"Xu J., 2024, BMC Infectious Diseases",10.1186/s12879-024-09237-9,0,0.0,0.0
"Xu J., 2024, BMC Palliative Care",10.1186/s12904-024-01371-0,0,0.0,0.0
"Yadeta T.A., 2024, BMC Medical Education",10.1186/s12909-024-05486-z,0,0.0,0.0
"Yagisawa T., 2024, Renal Replacement Therapy",10.1186/s41100-024-00544-0,0,0.0,0.0
"Yalamchi F., 2024, BMC Geriatrics",10.1186/s12877-024-04839-z,0,0.0,0.0
"Yamamoto K., 2024, BMC Nursing",10.1186/s12912-024-01900-5,0,0.0,0.0
"Yan W., 2024, BMC Nursing",10.1186/s12912-024-01924-x,0,0.0,0.0
"Yanagisawa Y., 2024, Journal of Pharmaceutical Health Care and Sciences",10.1186/s40780-024-00339-9,0,0.0,0.0
"Yang S.-H., 2024, BMC Nursing",10.1186/s12912-024-01978-x,0,0.0,0.0
"Yaow C.Y.L., 2024, BMC Health Services Research",10.1186/s12913-024-10998-x,0,0.0,0.0
"Yehualashet F.A., 2024, Pilot and Feasibility Studies",10.1186/s40814-024-01487-3,0,0.0,0.0
"Yi J., 2024, Computational and Structural Biotechnology Journal",10.1016/j.csbj.2024.04.028,0,0.0,0.0
"Yi Z., 2024, BMC Public Health",10.1186/s12889-024-18431-y,0,0.0,0.0
"Yildiz B., 2024, BMC Palliative Care",10.1186/s12904-024-01423-5,0,0.0,0.0
"Yin J., 2024, BMC Sports Science, Medicine and Rehabilitation",10.1186/s13102-024-00876-8,0,0.0,0.0
"Yin Z., 2024, BMC Health Services Research",10.1186/s12913-024-10733-6,0,0.0,0.0
"Yoo H.J., 2024, Computational and Structural Biotechnology Journal",10.1016/j.csbj.2024.03.001,0,0.0,0.0
"Younesi S., 2024, Health in Emergencies and Disasters Quarterly",10.32598/hdq.9.2.560.1,0,0.0,0.0
"Young F., 2024, BMC Primary Care",10.1186/s12875-024-02337-0,0,0.0,0.0
"Yu H., 2024, Orphanet Journal of Rare Diseases",10.1186/s13023-024-03178-x,0,0.0,0.0
"Yu J., 2024, World Journal of Surgical Oncology",10.1186/s12957-024-03348-y,0,0.0,0.0
"Yu Z.-H., 2024, BMC Infectious Diseases",10.1186/s12879-024-09246-8,0,0.0,0.0
"Yuan D., 2024, BMC Public Health",10.1186/s12889-024-18654-z,0,0.0,0.0
"Yue H., 2024, Nature Communications",10.1038/s41467-024-46969-3,0,0.0,0.0
"Yue L.-H., 2024, BMC Health Services Research",10.1186/s12913-024-10945-w,0,0.0,0.0
"Adami G., 2024, Scientific Reports",10.1038/s41598-024-56787-8,0,0.0,0.0
"Yıldız N.G., 2024, BMC Public Health",10.1186/s12889-024-18612-9,0,0.0,0.0
"Zampatti N., 2024, Italian Journal of Pediatrics",10.1186/s13052-024-01659-0,0,0.0,0.0
"Zapata Mayor J.C., 2024, International Journal for Equity in Health",10.1186/s12939-023-01859-w,0,0.0,0.0
"Zemni I., 2024, BMC Infectious Diseases",10.1186/s12879-023-08949-8,0,0.0,0.0
"Zeraatkhah H., 2024, BMC Nursing",10.1186/s12912-024-01733-2,0,0.0,0.0
"Zerr B.A., 2024, Allergy, Asthma and Clinical Immunology",10.1186/s13223-024-00888-6,0,0.0,0.0
"Zewde H.K., 2024, BMC Pregnancy and Childbirth",10.1186/s12884-024-06482-3,0,0.0,0.0
"Zhai R.N., 2024, BMC Nursing",10.1186/s12912-024-01873-5,0,0.0,0.0
"Zhang B., 2024, BMC Public Health",10.1186/s12889-024-18350-y,0,0.0,0.0
"Zhang D., 2024, BMC Nursing",10.1186/s12912-024-01911-2,0,0.0,0.0
"Zhang J., 2024, BMC Pregnancy and Childbirth",10.1186/s12884-024-06437-8,0,0.0,0.0
"Zhang J., 2024, BMC Public Health",10.1186/s12889-024-18411-2,0,0.0,0.0
"Zhang L., 2024, Critical Care",10.1186/s13054-024-04902-6,0,0.0,0.0
"Zhang L., 2024, Journal of Nanobiotechnology",10.1186/s12951-024-02445-0,0,0.0,0.0
"Zhang L., 2024, Scientific Reports",10.1038/s41598-024-59785-y,0,0.0,0.0
"Zhang S., 2024, BMC Nursing",10.1186/s12912-024-01920-1,0,0.0,0.0
"Zhang S., 2024, Diabetology and Metabolic Syndrome",10.1186/s13098-024-01339-3,0,0.0,0.0
"Zhang S., 2024, Knee Surgery and Related Research",10.1186/s43019-024-00218-5,0,0.0,0.0
"Zhang W., 2024, BMC Health Services Research",10.1186/s12913-024-10955-8,0,0.0,0.0
"Zhang X., 2024, BMC Psychiatry",10.1186/s12888-024-05687-2,0,0.0,0.0
"Zhang Y., 2024, BMC Public Health",10.1186/s12889-024-18513-x,0,0.0,0.0
"Zhang Y., 2024, npj Flexible Electronics",10.1038/s41528-024-00310-6,0,0.0,0.0
", 2024, Nature Communications",10.1038/s41467-024-46567-3,0,0.0,0.0
"Zhao B.-Y., 2024, BMC Public Health",10.1186/s12889-024-18324-0,0,0.0,0.0
"Zhao L., 2024, Hereditary Cancer in Clinical Practice",10.1186/s13053-024-00278-4,0,0.0,0.0
"Zhao Q., 2024, BMC Infectious Diseases",10.1186/s12879-024-09288-y,0,0.0,0.0
"Zhao X., 2024, Scientific Reports",10.1038/s41598-024-57788-3,0,0.0,0.0
"Zhao Y.-C., 2024, Environmental Sciences Europe",10.1186/s12302-024-00923-8,0,0.0,0.0
"Zheng Z., 2024, Archives of Public Health",10.1186/s13690-024-01275-8,0,0.0,0.0
"Zhou J., 2024, Scientific Reports",10.1038/s41598-024-57671-1,0,0.0,0.0
"Zhou M., 2024, Scientific Reports",10.1038/s41598-024-58660-0,0,0.0,0.0
"Zhou Y., 2024, Collagen and leather",10.1186/s42825-024-00160-y,0,0.0,0.0
"Zhu L.-W., 2024, BMC Oral Health",10.1186/s12903-024-04226-5,0,0.0,0.0
"Zittleman L., 2024, BMC Primary Care",10.1186/s12875-024-02365-w,0,0.0,0.0
"Zobi M., 2024, International Journal for Equity in Health",10.1186/s12939-024-02138-y,0,0.0,0.0
"Zubair Rahman A.M.J., 2024, BMC Medical Informatics and Decision Making",10.1186/s12911-024-02519-x,0,0.0,0.0
"da Costa Miranda A.L., 2024, Scientific Reports",10.1038/s41598-024-59461-1,0,0.0,0.0
"Abbasian M., 2024, npj Digital Medicine",10.1038/s41746-024-01074-z,0,0.0,0.0
"Abdolalipour S., 2024, BMC Health Services Research",10.1186/s12913-024-10689-7,0,0.0,0.0
"de Fougerolles T.R., 2024, BMC Public Health",10.1186/s12889-024-18694-5,0,0.0,0.0
"de Girolamo G., 2024, International Journal of Bipolar Disorders",10.1186/s40345-024-00337-8,0,0.0,0.0
"do Carmo Leal M., 2024, BMC Public Health",10.1186/s12889-024-18109-5,0,0.0,0.0
"ter Meulen B.C., 2024, BMC Musculoskeletal Disorders",10.1186/s12891-024-07366-5,0,0.0,0.0
"van Doornik R.S., 2024, BMC Psychiatry",10.1186/s12888-024-05649-8,0,0.0,0.0
"van Houten M.E., 2024, BMC Emergency Medicine",10.1186/s12873-024-00971-6,0,0.0,0.0
"van Klaveren L.-M., 2024, BMC Medical Education",10.1186/s12909-024-05304-6,0,0.0,0.0
"van Lieshout C., 2024, Cost Effectiveness and Resource Allocation",10.1186/s12962-024-00529-0,0,0.0,0.0
"van Rooyen I., 2024, BMC Medical Education",10.1186/s12909-024-05414-1,0,0.0,0.0
"van de Riet L., 2024, PEC Innovation",10.1016/j.pecinn.2024.100280,0,0.0,0.0
"van de Voort I., 2024, BMC Health Services Research",10.1186/s12913-024-10924-1,0,0.0,0.0
"van de Water B.J., 2024, Implementation Science Communications",10.1186/s43058-024-00582-z,0,0.0,0.0
"van den Burg E.L., 2024, BMC Primary Care",10.1186/s12875-024-02405-5,0,0.0,0.0
"van der Linden R.R., 2024, BMC Medical Ethics",10.1186/s12910-024-01037-9,0,0.0,0.0
"Wang E.H.-H., 2024, BMC Medical Genomics",10.1186/s12920-024-01850-6,0,0.0,0.0
